gbifID,datasetKey,occurrenceID,kingdom,phylum,class,order,family,genus,species,infraspecificEpithet,taxonRank,scientificName,verbatimScientificName,verbatimScientificNameAuthorship,countryCode,locality,stateProvince,occurrenceStatus,individualCount,publishingOrgKey,decimalLatitude,decimalLongitude,coordinateUncertaintyInMeters,coordinatePrecision,elevation,elevationAccuracy,depth,depthAccuracy,eventDate,day,month,year,taxonKey,speciesKey,basisOfRecord,institutionCode,collectionCode,catalogNumber,recordNumber,identifiedBy,dateIdentified,license,rightsHolder,recordedBy,typeStatus,establishmentMeans,lastInterpreted,mediaType,issue
4018451480,50c9509d-22c7-4a22-a47d-8c48425ef4a7,https://www.inaturalist.org/observations/146737180,Plantae,Tracheophyta,Magnoliopsida,Rosales,Rosaceae,Rubus,Rubus nivalis,,SPECIES,Rubus nivalis Douglas ex Hook.,Rubus nivalis,,US,,Washington,PRESENT,,28eb1a3f-1c15-4a95-931a-4af90ecb574d,48.630467,-122.390525,5,,,,,,2023-01-16T13:59:53,16,1,2023,2998283,2998283,HUMAN_OBSERVATION,iNaturalist,Observations,146737180,,Sam Beaumont,2023-01-17T03:22:40,CC_BY_4_0,Sam Beaumont,Sam Beaumont,,,2023-02-13T16:08:42.244Z,StillImage,COORDINATE_ROUNDED;CONTINENT_DERIVED_FROM_COORDINATES
3988623669,50c9509d-22c7-4a22-a47d-8c48425ef4a7,https://www.inaturalist.org/observations/143052460,Plantae,Tracheophyta,Magnoliopsida,Rosales,Rosaceae,Rubus,Rubus nivalis,,SPECIES,Rubus nivalis Douglas ex Hook.,Rubus nivalis,,US,,Washington,PRESENT,,28eb1a3f-1c15-4a95-931a-4af90ecb574d,48.032892,-123.419084,20,,,,,,2022-10-08T13:42:17,8,10,2022,2998283,2998283,HUMAN_OBSERVATION,iNaturalist,Observations,143052460,,John A Haskins,2022-11-28T06:22:06,CC_BY_NC_4_0,Tyler Price,Tyler Price,,,2023-02-13T16:07:59.792Z,StillImage,COORDINATE_ROUNDED;CONTINENT_DERIVED_FROM_COORDINATES
3985775993,50c9509d-22c7-4a22-a47d-8c48425ef4a7,https://www.inaturalist.org/observations/142113161,Plantae,Tracheophyta,Magnoliopsida,Rosales,Rosaceae,Rubus,Rubus nivalis,,SPECIES,Rubus nivalis Douglas ex Hook.,Rubus nivalis,,US,,Oregon,PRESENT,,28eb1a3f-1c15-4a95-931a-4af90ecb574d,43.64643,-122.659692,9,,,,,,2022-11-15T13:49:10,15,11,2022,2998283,2998283,HUMAN_OBSERVATION,iNaturalist,Observations,142113161,,Jeff Ward,2022-11-16T01:57:52,CC_BY_4_0,Jeff Ward,Jeff Ward,,,2023-02-13T16:07:53.457Z,StillImage,COORDINATE_ROUNDED;CONTINENT_DERIVED_FROM_COORDINATES
3985692071,50c9509d-22c7-4a22-a47d-8c48425ef4a7,https://www.inaturalist.org/observations/142113227,Plantae,Tracheophyta,Magnoliopsida,Rosales,Rosaceae,Rubus,Rubus nivalis,,SPECIES,Rubus nivalis Douglas ex Hook.,Rubus nivalis,,US,,Oregon,PRESENT,,28eb1a3f-1c15-4a95-931a-4af90ecb574d,43.647226,-122.663534,8,,,,,,2022-11-15T15:35:35,15,11,2022,2998283,2998283,HUMAN_OBSERVATION,iNaturalist,Observations,142113227,,Jeff Ward,2022-11-16T01:59:26,CC_BY_4_0,Jeff Ward,Jeff Ward,,,2023-02-13T16:08:00.772Z,StillImage,COORDINATE_ROUNDED;CONTINENT_DERIVED_FROM_COORDINATES
3968371429,e39fa2e7-b657-438b-bc34-0766c5538ca9,770bfa2c-3383-4166-a49d-96d5e2ed85f3,Plantae,Tracheophyta,Magnoliopsida,Rosales,Rosaceae,Rubus,Rubus nivalis,,SPECIES,Rubus nivalis Douglas ex Hook.,Rubus nivalis,Douglas ex Hook.,US,H. J. Andrews Experimental Forest; Unit 3F.,Oregon,PRESENT,,6567af74-d231-4588-a123-5d0b7a095fda,44.2333,-122.175,9656,,,,,,1957-07-03T00:00:00,3,7,1957,2998283,2998283,PRESERVED_SPECIMEN,HJAEF,Vascular,94,s.n.,Scott Sundberg,1999-01-01T00:00:00,CC0_1_0,H.J. Andrews Experimental Forest,Jerry Franklin,,,,,
3968371368,e39fa2e7-b657-438b-bc34-0766c5538ca9,299a8e7f-3cc3-4e9c-a872-0dab6f829b0f,Plantae,Tracheophyta,Magnoliopsida,Rosales,Rosaceae,Rubus,Rubus nivalis,,SPECIES,Rubus nivalis Douglas ex Hook.,Rubus nivalis,Douglas ex Hook.,US,H. J. Andrews Experimental Forest; along the road into Reference Stand #5.,Oregon,PRESENT,,6567af74-d231-4588-a123-5d0b7a095fda,44.2333,-122.175,9656,,884,,,,1979-07-13T00:00:00,13,7,1979,2998283,2998283,PRESERVED_SPECIMEN,HJAEF,Vascular,233,1570,Scott Sundberg,1998-01-01T00:00:00,CC0_1_0,H.J. Andrews Experimental Forest,Herm Fitz,,,,,
3961466571,50c9509d-22c7-4a22-a47d-8c48425ef4a7,https://www.inaturalist.org/observations/135471864,Plantae,Tracheophyta,Magnoliopsida,Rosales,Rosaceae,Rubus,Rubus nivalis,,SPECIES,Rubus nivalis Douglas ex Hook.,Rubus nivalis,,US,,Oregon,PRESENT,,28eb1a3f-1c15-4a95-931a-4af90ecb574d,45.70395,-123.343972,14,,,,,,2022-09-17T11:13:11,17,9,2022,2998283,2998283,HUMAN_OBSERVATION,iNaturalist,Observations,135471864,,Roger Brewer,2022-09-18T03:07:58,CC_BY_NC_4_0,Roger Brewer,Roger Brewer,,,2023-02-13T16:18:11.413Z,StillImage,COORDINATE_ROUNDED;CONTINENT_DERIVED_FROM_COORDINATES
3961450508,50c9509d-22c7-4a22-a47d-8c48425ef4a7,https://www.inaturalist.org/observations/127782010,Plantae,Tracheophyta,Magnoliopsida,Rosales,Rosaceae,Rubus,Rubus nivalis,,SPECIES,Rubus nivalis Douglas ex Hook.,Rubus nivalis,,US,,Washington,PRESENT,,28eb1a3f-1c15-4a95-931a-4af90ecb574d,47.82848,-123.04428,4,,,,,,2022-07-24T06:27:58,24,7,2022,2998283,2998283,HUMAN_OBSERVATION,iNaturalist,Observations,127782010,,jareddodson,2022-07-25T01:54:29,CC_BY_NC_4_0,jareddodson,jareddodson,,,2023-02-13T16:17:55.613Z,StillImage,COORDINATE_ROUNDED;CONTINENT_DERIVED_FROM_COORDINATES
3961446602,50c9509d-22c7-4a22-a47d-8c48425ef4a7,https://www.inaturalist.org/observations/137583763,Plantae,Tracheophyta,Magnoliopsida,Rosales,Rosaceae,Rubus,Rubus nivalis,,SPECIES,Rubus nivalis Douglas ex Hook.,Rubus nivalis,,US,,Washington,PRESENT,,28eb1a3f-1c15-4a95-931a-4af90ecb574d,46.392108,-121.989778,3,,,,,,2022-10-04T09:39:33,4,10,2022,2998283,2998283,HUMAN_OBSERVATION,iNaturalist,Observations,137583763,,johnpak,2022-10-05T00:02:22,CC_BY_NC_4_0,johnpak,johnpak,,,2023-02-13T16:07:46.438Z,StillImage,COORDINATE_ROUNDED;CONTINENT_DERIVED_FROM_COORDINATES
3961410348,50c9509d-22c7-4a22-a47d-8c48425ef4a7,https://www.inaturalist.org/observations/58553033,Plantae,Tracheophyta,Magnoliopsida,Rosales,Rosaceae,Rubus,Rubus nivalis,,SPECIES,Rubus nivalis Douglas ex Hook.,Rubus nivalis,,US,,Oregon,PRESENT,,28eb1a3f-1c15-4a95-931a-4af90ecb574d,43.017567,-122.720733,10,,,,,,2020-08-31T10:42:36,31,8,2020,2998283,2998283,HUMAN_OBSERVATION,iNaturalist,Observations,58553033,,David Rockow,2020-09-04T23:00:01,CC_BY_NC_4_0,David Rockow,David Rockow,,,2023-02-13T16:11:10.376Z,StillImage,COORDINATE_ROUNDED;CONTINENT_DERIVED_FROM_COORDINATES
3961390532,50c9509d-22c7-4a22-a47d-8c48425ef4a7,https://www.inaturalist.org/observations/128411661,Plantae,Tracheophyta,Magnoliopsida,Rosales,Rosaceae,Rubus,Rubus nivalis,,SPECIES,Rubus nivalis Douglas ex Hook.,Rubus nivalis,,US,,Oregon,PRESENT,,28eb1a3f-1c15-4a95-931a-4af90ecb574d,44.499817,-123.568908,457,,,,,,2022-07-26T20:08:58,26,7,2022,2998283,2998283,HUMAN_OBSERVATION,iNaturalist,Observations,128411661,,Kate Manning,2022-07-29T05:43:07,CC0_1_0,Kate Manning,Kate Manning,,,2023-02-13T16:06:59.841Z,StillImage,COORDINATE_ROUNDED;CONTINENT_DERIVED_FROM_COORDINATES
3961371510,50c9509d-22c7-4a22-a47d-8c48425ef4a7,https://www.inaturalist.org/observations/127967267,Plantae,Tracheophyta,Magnoliopsida,Rosales,Rosaceae,Rubus,Rubus nivalis,,SPECIES,Rubus nivalis Douglas ex Hook.,Rubus nivalis,,US,,Oregon,PRESENT,,28eb1a3f-1c15-4a95-931a-4af90ecb574d,43.764763,-122.632554,,,,,,,2022-07-25T20:32:39,25,7,2022,2998283,2998283,HUMAN_OBSERVATION,iNaturalist,Observations,127967267,,Merlla McLaughlin,2022-07-26T08:54:06,CC_BY_NC_4_0,Merlla McLaughlin,Merlla McLaughlin,,,2023-02-13T16:07:10.148Z,StillImage,COORDINATE_ROUNDED;CONTINENT_DERIVED_FROM_COORDINATES
3961332644,50c9509d-22c7-4a22-a47d-8c48425ef4a7,https://www.inaturalist.org/observations/138329433,Plantae,Tracheophyta,Magnoliopsida,Rosales,Rosaceae,Rubus,Rubus nivalis,,SPECIES,Rubus nivalis Douglas ex Hook.,Rubus nivalis,,US,,Washington,PRESENT,,28eb1a3f-1c15-4a95-931a-4af90ecb574d,46.729615,-121.802964,26967,,,,,,2022-10-10T12:02:56,10,10,2022,2998283,2998283,HUMAN_OBSERVATION,iNaturalist,Observations,138329433,,Zach Hawn,2022-10-11T00:05:57,CC_BY_NC_4_0,Zach Hawn,Zach Hawn,,,2023-02-13T16:08:07.617Z,StillImage,COORDINATE_ROUNDED;CONTINENT_DERIVED_FROM_COORDINATES
3961246534,50c9509d-22c7-4a22-a47d-8c48425ef4a7,https://www.inaturalist.org/observations/129231984,Plantae,Tracheophyta,Magnoliopsida,Rosales,Rosaceae,Rubus,Rubus nivalis,,SPECIES,Rubus nivalis Douglas ex Hook.,Rubus nivalis,,US,,Washington,PRESENT,,28eb1a3f-1c15-4a95-931a-4af90ecb574d,48.033567,-123.445847,6,,,,,,2022-08-01T07:24:04,1,8,2022,2998283,2998283,HUMAN_OBSERVATION,iNaturalist,Observations,129231984,,jareddodson,2022-08-03T03:16:01,CC_BY_NC_4_0,jareddodson,jareddodson,,,2023-02-13T16:07:11.977Z,StillImage,COORDINATE_ROUNDED;CONTINENT_DERIVED_FROM_COORDINATES
3961245419,50c9509d-22c7-4a22-a47d-8c48425ef4a7,https://www.inaturalist.org/observations/109750014,Plantae,Tracheophyta,Magnoliopsida,Rosales,Rosaceae,Rubus,Rubus nivalis,,SPECIES,Rubus nivalis Douglas ex Hook.,Rubus nivalis,,US,,Oregon,PRESENT,,28eb1a3f-1c15-4a95-931a-4af90ecb574d,43.764747,-122.632622,7,,,,,,2022-03-27T17:24:14,27,3,2022,2998283,2998283,HUMAN_OBSERVATION,iNaturalist,Observations,109750014,,Robert Roberts,2022-03-28T14:31:44,CC_BY_4_0,Hilary Rose Dawson,Hilary Rose Dawson,,,2023-02-13T16:05:53.363Z,StillImage,COORDINATE_ROUNDED;CONTINENT_DERIVED_FROM_COORDINATES
3961244519,50c9509d-22c7-4a22-a47d-8c48425ef4a7,https://www.inaturalist.org/observations/129358835,Plantae,Tracheophyta,Magnoliopsida,Rosales,Rosaceae,Rubus,Rubus nivalis,,SPECIES,Rubus nivalis Douglas ex Hook.,Rubus nivalis,,US,,Washington,PRESENT,,28eb1a3f-1c15-4a95-931a-4af90ecb574d,48.031345,-123.4365,16,,,,,,2022-08-01T14:50:36,1,8,2022,2998283,2998283,HUMAN_OBSERVATION,iNaturalist,Observations,129358835,,jareddodson,2022-08-04T01:36:51,CC_BY_NC_4_0,jareddodson,jareddodson,,,2023-02-13T16:18:02.514Z,StillImage,COORDINATE_ROUNDED;CONTINENT_DERIVED_FROM_COORDINATES
3961215514,50c9509d-22c7-4a22-a47d-8c48425ef4a7,https://www.inaturalist.org/observations/128077041,Plantae,Tracheophyta,Magnoliopsida,Rosales,Rosaceae,Rubus,Rubus nivalis,,SPECIES,Rubus nivalis Douglas ex Hook.,Rubus nivalis,,US,,Oregon,PRESENT,,28eb1a3f-1c15-4a95-931a-4af90ecb574d,44.226677,-122.126107,634,,,,,,2022-07-26T14:22:18,26,7,2022,2998283,2998283,HUMAN_OBSERVATION,iNaturalist,Observations,128077041,,Nick,2022-07-27T00:31:02,CC_BY_NC_4_0,Nick,Nick,,,2023-02-13T16:17:19.238Z,StillImage,COORDINATE_ROUNDED;CONTINENT_DERIVED_FROM_COORDINATES
3961145238,50c9509d-22c7-4a22-a47d-8c48425ef4a7,https://www.inaturalist.org/observations/140441776,Plantae,Tracheophyta,Magnoliopsida,Rosales,Rosaceae,Rubus,Rubus nivalis,,SPECIES,Rubus nivalis Douglas ex Hook.,Rubus nivalis,,US,,Washington,PRESENT,,28eb1a3f-1c15-4a95-931a-4af90ecb574d,47.488802,-121.688036,37,,,,,,2022-10-29T15:48:22,29,10,2022,2998283,2998283,HUMAN_OBSERVATION,iNaturalist,Observations,140441776,,enviroparker,2022-10-29T23:13:42,CC_BY_NC_4_0,enviroparker,enviroparker,,,2023-02-13T16:08:08.477Z,StillImage,COORDINATE_ROUNDED;CONTINENT_DERIVED_FROM_COORDINATES
3961135331,50c9509d-22c7-4a22-a47d-8c48425ef4a7,https://www.inaturalist.org/observations/51764689,Plantae,Tracheophyta,Magnoliopsida,Rosales,Rosaceae,Rubus,Rubus nivalis,,SPECIES,Rubus nivalis Douglas ex Hook.,Rubus nivalis,,US,,Washington,PRESENT,,28eb1a3f-1c15-4a95-931a-4af90ecb574d,47.614444,-123.163889,,,,,,,2020-06-30T13:05:39,30,6,2020,2998283,2998283,HUMAN_OBSERVATION,iNaturalist,Observations,51764689,,Jeannette Barreca,2020-07-03T03:50:56,CC_BY_NC_4_0,Jeannette Barreca,Jeannette Barreca,,,2023-02-13T16:02:12.033Z,StillImage,COORDINATE_ROUNDED;CONTINENT_DERIVED_FROM_COORDINATES
3961134467,50c9509d-22c7-4a22-a47d-8c48425ef4a7,https://www.inaturalist.org/observations/118476973,Plantae,Tracheophyta,Magnoliopsida,Rosales,Rosaceae,Rubus,Rubus nivalis,,SPECIES,Rubus nivalis Douglas ex Hook.,Rubus nivalis,,US,,Oregon,PRESENT,,28eb1a3f-1c15-4a95-931a-4af90ecb574d,44.49947,-123.567933,49,,,,,,2022-05-21T17:56:59,21,5,2022,2998283,2998283,HUMAN_OBSERVATION,iNaturalist,Observations,118476973,,Zane Walker,2022-05-24T04:51:41,CC_BY_NC_4_0,Zane Walker,Zane Walker,,,2023-02-13T16:17:19.923Z,StillImage,COORDINATE_ROUNDED;CONTINENT_DERIVED_FROM_COORDINATES
3961114458,50c9509d-22c7-4a22-a47d-8c48425ef4a7,https://www.inaturalist.org/observations/119485600,Plantae,Tracheophyta,Magnoliopsida,Rosales,Rosaceae,Rubus,Rubus nivalis,,SPECIES,Rubus nivalis Douglas ex Hook.,Rubus nivalis,,US,,Washington,PRESENT,,28eb1a3f-1c15-4a95-931a-4af90ecb574d,47.020867,-123.096642,11,,,,,,2022-05-30T10:14:56,30,5,2022,2998283,2998283,HUMAN_OBSERVATION,iNaturalist,Observations,119485600,,jareddodson,2022-05-30T20:59:07,CC_BY_NC_4_0,jareddodson,jareddodson,,,2023-02-13T16:06:28.408Z,StillImage,COORDINATE_ROUNDED;CONTINENT_DERIVED_FROM_COORDINATES
3961023584,50c9509d-22c7-4a22-a47d-8c48425ef4a7,https://www.inaturalist.org/observations/134428136,Plantae,Tracheophyta,Magnoliopsida,Rosales,Rosaceae,Rubus,Rubus nivalis,,SPECIES,Rubus nivalis Douglas ex Hook.,Rubus nivalis,,CA,,British Columbia,PRESENT,,28eb1a3f-1c15-4a95-931a-4af90ecb574d,49.431228,-123.527038,4,,,,,,2022-09-08T14:00:49,8,9,2022,2998283,2998283,HUMAN_OBSERVATION,iNaturalist,Observations,134428136,,botanybum,2022-09-10T14:55:13,CC_BY_NC_4_0,botanybum,botanybum,,,2023-02-13T16:17:38.028Z,StillImage,COORDINATE_ROUNDED;CONTINENT_DERIVED_FROM_COORDINATES
3961015521,50c9509d-22c7-4a22-a47d-8c48425ef4a7,https://www.inaturalist.org/observations/127053769,Plantae,Tracheophyta,Magnoliopsida,Rosales,Rosaceae,Rubus,Rubus nivalis,,SPECIES,Rubus nivalis Douglas ex Hook.,Rubus nivalis,,US,,Oregon,PRESENT,,28eb1a3f-1c15-4a95-931a-4af90ecb574d,43.823333,-122.724563,1444,,,,,,2022-07-17T10:59:31,17,7,2022,2998283,2998283,HUMAN_OBSERVATION,iNaturalist,Observations,127053769,,johnnysweet,2022-07-20T04:59:18,CC_BY_NC_4_0,johnnysweet,johnnysweet,,,2023-02-13T16:16:19.935Z,StillImage,COORDINATE_ROUNDED;CONTINENT_DERIVED_FROM_COORDINATES
3960991461,50c9509d-22c7-4a22-a47d-8c48425ef4a7,https://www.inaturalist.org/observations/119485425,Plantae,Tracheophyta,Magnoliopsida,Rosales,Rosaceae,Rubus,Rubus nivalis,,SPECIES,Rubus nivalis Douglas ex Hook.,Rubus nivalis,,US,,Washington,PRESENT,,28eb1a3f-1c15-4a95-931a-4af90ecb574d,47.022531,-123.095847,6,,,,,,2022-05-30T10:08:50,30,5,2022,2998283,2998283,HUMAN_OBSERVATION,iNaturalist,Observations,119485425,,jareddodson,2022-05-30T20:57:48,CC_BY_NC_4_0,jareddodson,jareddodson,,,2023-02-13T16:06:31.968Z,StillImage,COORDINATE_ROUNDED;CONTINENT_DERIVED_FROM_COORDINATES
3960986446,50c9509d-22c7-4a22-a47d-8c48425ef4a7,https://www.inaturalist.org/observations/120452113,Plantae,Tracheophyta,Magnoliopsida,Rosales,Rosaceae,Rubus,Rubus nivalis,,SPECIES,Rubus nivalis Douglas ex Hook.,Rubus nivalis,,US,,Washington,PRESENT,,28eb1a3f-1c15-4a95-931a-4af90ecb574d,46.964867,-123.156272,20,,,,,,2022-06-05T14:53:47,5,6,2022,2998283,2998283,HUMAN_OBSERVATION,iNaturalist,Observations,120452113,,jareddodson,2022-06-06T02:26:37,CC_BY_NC_4_0,jareddodson,jareddodson,,,2023-02-13T16:06:49.618Z,StillImage,COORDINATE_ROUNDED;CONTINENT_DERIVED_FROM_COORDINATES
3956843915,14d5676a-2c54-4f94-9023-1e8dcd822aa0,q-10134208930,Plantae,Tracheophyta,Magnoliopsida,Rosales,Rosaceae,Rubus,Rubus nivalis,,SPECIES,Rubus nivalis Douglas ex Hook.,Rubus nivalis Douglas ex Hook.,Douglas ex Hook.,US,,,PRESENT,1,da86174a-a605-43a4-a5e8-53d484152cd3,47.4466,-123.49575,,,,,,,2016-12-20T23:34:30.269,20,12,2016,2998283,2998283,HUMAN_OBSERVATION,,,,,,,CC_BY_4_0,,,,,2023-02-08T17:08:29.137Z,,COUNTRY_DERIVED_FROM_COORDINATES;CONTINENT_DERIVED_FROM_COORDINATES
3954241751,14d5676a-2c54-4f94-9023-1e8dcd822aa0,q-10134208931,Plantae,Tracheophyta,Magnoliopsida,Rosales,Rosaceae,Rubus,Rubus nivalis,,SPECIES,Rubus nivalis Douglas ex Hook.,Rubus nivalis Douglas ex Hook.,Douglas ex Hook.,US,,,PRESENT,1,da86174a-a605-43a4-a5e8-53d484152cd3,46.73383,-121.8382,,,,,,,2016-12-20T23:34:30.269,20,12,2016,2998283,2998283,HUMAN_OBSERVATION,,,,,,,CC_BY_4_0,,,,,2023-02-08T17:08:29.424Z,,COUNTRY_DERIVED_FROM_COORDINATES;CONTINENT_DERIVED_FROM_COORDINATES
3952607522,14d5676a-2c54-4f94-9023-1e8dcd822aa0,q-10134208933,Plantae,Tracheophyta,Magnoliopsida,Rosales,Rosaceae,Rubus,Rubus nivalis,,SPECIES,Rubus nivalis Douglas ex Hook.,Rubus nivalis Douglas ex Hook.,Douglas ex Hook.,US,,,PRESENT,1,da86174a-a605-43a4-a5e8-53d484152cd3,45.634291,-123.366406,,,,,,,2016-12-20T23:34:30.269,20,12,2016,2998283,2998283,HUMAN_OBSERVATION,,,,,,,CC_BY_4_0,,,,,2023-02-08T17:08:26.962Z,,COUNTRY_DERIVED_FROM_COORDINATES;CONTINENT_DERIVED_FROM_COORDINATES
3947503759,50c9509d-22c7-4a22-a47d-8c48425ef4a7,https://www.inaturalist.org/observations/132910937,Plantae,Tracheophyta,Magnoliopsida,Rosales,Rosaceae,Rubus,Rubus nivalis,,SPECIES,Rubus nivalis Douglas ex Hook.,Rubus nivalis,,US,,Oregon,PRESENT,,28eb1a3f-1c15-4a95-931a-4af90ecb574d,44.243375,-122.168006,,,,,,,2022-08-25T10:40:12,25,8,2022,2998283,2998283,HUMAN_OBSERVATION,iNaturalist,Observations,132910937,,Max Miner,2022-08-30T04:04:15,CC_BY_NC_4_0,Max Miner,Max Miner,,,2023-02-13T16:17:07.684Z,StillImage,COORDINATE_ROUNDED;CONTINENT_DERIVED_FROM_COORDINATES
3925451114,50c9509d-22c7-4a22-a47d-8c48425ef4a7,https://www.inaturalist.org/observations/137874416,Plantae,Tracheophyta,Magnoliopsida,Rosales,Rosaceae,Rubus,Rubus nivalis,,SPECIES,Rubus nivalis Douglas ex Hook.,Rubus nivalis,,US,,Oregon,PRESENT,,28eb1a3f-1c15-4a95-931a-4af90ecb574d,44.23242,-122.159403,10,,,,,,2022-10-05T15:19:00,5,10,2022,2998283,2998283,HUMAN_OBSERVATION,iNaturalist,Observations,137874416,,Jeff Ward,2022-10-08T15:47:30,CC_BY_4_0,Jeff Ward,Jeff Ward,,,2023-02-13T16:07:40.559Z,StillImage,COORDINATE_ROUNDED;CONTINENT_DERIVED_FROM_COORDINATES
3925145919,50c9509d-22c7-4a22-a47d-8c48425ef4a7,https://www.inaturalist.org/observations/137712755,Plantae,Tracheophyta,Magnoliopsida,Rosales,Rosaceae,Rubus,Rubus nivalis,,SPECIES,Rubus nivalis Douglas ex Hook.,Rubus nivalis,,US,,Oregon,PRESENT,,28eb1a3f-1c15-4a95-931a-4af90ecb574d,44.232254,-122.161602,9,,,,,,2022-10-05T14:41:57,5,10,2022,2998283,2998283,HUMAN_OBSERVATION,iNaturalist,Observations,137712755,,Jeff Ward,2022-10-08T15:48:58,CC_BY_4_0,Jeff Ward,Jeff Ward,,,2023-02-13T16:07:59.705Z,StillImage,COORDINATE_ROUNDED;CONTINENT_DERIVED_FROM_COORDINATES
3923675728,50c9509d-22c7-4a22-a47d-8c48425ef4a7,https://www.inaturalist.org/observations/136383154,Plantae,Tracheophyta,Magnoliopsida,Rosales,Rosaceae,Rubus,Rubus nivalis,,SPECIES,Rubus nivalis Douglas ex Hook.,Rubus nivalis,,CA,,British Columbia,PRESENT,,28eb1a3f-1c15-4a95-931a-4af90ecb574d,49.838266,-125.618484,197,,,,,,2022-09-24T13:22:18,24,9,2022,2998283,2998283,HUMAN_OBSERVATION,iNaturalist,Observations,136383154,,Scott and Marla,2022-09-25T04:16:19,CC_BY_NC_4_0,Scott and Marla,Scott and Marla,,,2023-02-13T16:08:05.666Z,StillImage,COORDINATE_ROUNDED;CONTINENT_DERIVED_FROM_COORDINATES
3923557533,50c9509d-22c7-4a22-a47d-8c48425ef4a7,https://www.inaturalist.org/observations/122612302,Plantae,Tracheophyta,Magnoliopsida,Rosales,Rosaceae,Rubus,Rubus nivalis,,SPECIES,Rubus nivalis Douglas ex Hook.,Rubus nivalis,,US,,Oregon,PRESENT,,28eb1a3f-1c15-4a95-931a-4af90ecb574d,44.23318,-122.176176,1558,,,,,,2022-06-19T16:41:44,19,6,2022,2998283,2998283,HUMAN_OBSERVATION,iNaturalist,Observations,122612302,,Nina Grauley,2022-06-20T06:16:59,CC_BY_4_0,Nina Grauley,Nina Grauley,,,2023-02-13T16:07:39.270Z,,COORDINATE_ROUNDED;CONTINENT_DERIVED_FROM_COORDINATES
3915528366,50c9509d-22c7-4a22-a47d-8c48425ef4a7,https://www.inaturalist.org/observations/136610927,Plantae,Tracheophyta,Magnoliopsida,Rosales,Rosaceae,Rubus,Rubus nivalis,,SPECIES,Rubus nivalis Douglas ex Hook.,Rubus nivalis,,US,,Oregon,PRESENT,,28eb1a3f-1c15-4a95-931a-4af90ecb574d,43.649942,-122.652572,40,,,,,,2022-09-25T16:53:48,25,9,2022,2998283,2998283,HUMAN_OBSERVATION,iNaturalist,Observations,136610927,,Emily Scherer,2022-09-26T19:53:06,CC_BY_NC_4_0,Emily Scherer,Emily Scherer,,,2023-02-13T16:16:50.570Z,StillImage,COORDINATE_ROUNDED;CONTINENT_DERIVED_FROM_COORDINATES
3915470570,50c9509d-22c7-4a22-a47d-8c48425ef4a7,https://www.inaturalist.org/observations/123921058,Plantae,Tracheophyta,Magnoliopsida,Rosales,Rosaceae,Rubus,Rubus nivalis,,SPECIES,Rubus nivalis Douglas ex Hook.,Rubus nivalis,,CA,,British Columbia,PRESENT,,28eb1a3f-1c15-4a95-931a-4af90ecb574d,49.531581,-125.551217,16,,,,,,2022-06-27T10:17:00,27,6,2022,2998283,2998283,HUMAN_OBSERVATION,iNaturalist,Observations,123921058,,trientalid,2022-06-29T02:46:17,CC_BY_NC_4_0,trientalid,trientalid,,,2023-02-13T16:06:51.213Z,StillImage,COORDINATE_ROUNDED;CONTINENT_DERIVED_FROM_COORDINATES
3915455599,50c9509d-22c7-4a22-a47d-8c48425ef4a7,https://www.inaturalist.org/observations/125188182,Plantae,Tracheophyta,Magnoliopsida,Rosales,Rosaceae,Rubus,Rubus nivalis,,SPECIES,Rubus nivalis Douglas ex Hook.,Rubus nivalis,,CA,,British Columbia,PRESENT,,28eb1a3f-1c15-4a95-931a-4af90ecb574d,49.772897,-125.621835,15,,,,,,2022-07-05T01:13:00,5,7,2022,2998283,2998283,HUMAN_OBSERVATION,iNaturalist,Observations,125188182,,jbindernagel,2022-07-07T17:09:02,CC0_1_0,jbindernagel,jbindernagel,,,2023-02-13T16:17:08.209Z,StillImage,COORDINATE_ROUNDED;CONTINENT_DERIVED_FROM_COORDINATES
3915360553,50c9509d-22c7-4a22-a47d-8c48425ef4a7,https://www.inaturalist.org/observations/124344287,Plantae,Tracheophyta,Magnoliopsida,Rosales,Rosaceae,Rubus,Rubus nivalis,,SPECIES,Rubus nivalis Douglas ex Hook.,Rubus nivalis,,CA,,British Columbia,PRESENT,,28eb1a3f-1c15-4a95-931a-4af90ecb574d,49.579148,-125.614642,61,,,,,,2022-06-30T22:02:00,30,6,2022,2998283,2998283,HUMAN_OBSERVATION,iNaturalist,Observations,124344287,,jbindernagel,2022-07-02T04:31:54,CC0_1_0,jbindernagel,jbindernagel,,,2023-02-13T16:06:49.492Z,StillImage,COORDINATE_ROUNDED;CONTINENT_DERIVED_FROM_COORDINATES
3915309588,50c9509d-22c7-4a22-a47d-8c48425ef4a7,https://www.inaturalist.org/observations/124797456,Plantae,Tracheophyta,Magnoliopsida,Rosales,Rosaceae,Rubus,Rubus nivalis,,SPECIES,Rubus nivalis Douglas ex Hook.,Rubus nivalis,,CA,,British Columbia,PRESENT,,28eb1a3f-1c15-4a95-931a-4af90ecb574d,49.575794,-125.612892,53,,,,,,2022-07-01T10:00:00,1,7,2022,2998283,2998283,HUMAN_OBSERVATION,iNaturalist,Observations,124797456,,Steven Hayward,2022-07-04T22:01:50,CC_BY_NC_4_0,Steven Hayward,Steven Hayward,,,2023-02-13T16:16:59.802Z,StillImage,COORDINATE_ROUNDED;CONTINENT_DERIVED_FROM_COORDINATES
3915286470,50c9509d-22c7-4a22-a47d-8c48425ef4a7,https://www.inaturalist.org/observations/124163368,Plantae,Tracheophyta,Magnoliopsida,Rosales,Rosaceae,Rubus,Rubus nivalis,,SPECIES,Rubus nivalis Douglas ex Hook.,Rubus nivalis,,CA,,British Columbia,PRESENT,,28eb1a3f-1c15-4a95-931a-4af90ecb574d,49.532238,-125.551123,225,,,,,,2022-06-26T22:16:00,26,6,2022,2998283,2998283,HUMAN_OBSERVATION,iNaturalist,Observations,124163368,,jbindernagel,2022-06-30T21:33:03,CC0_1_0,jbindernagel,jbindernagel,,,2023-02-13T16:06:46.743Z,StillImage,COORDINATE_ROUNDED;CONTINENT_DERIVED_FROM_COORDINATES
3915277539,50c9509d-22c7-4a22-a47d-8c48425ef4a7,https://www.inaturalist.org/observations/122775308,Plantae,Tracheophyta,Magnoliopsida,Rosales,Rosaceae,Rubus,Rubus nivalis,,SPECIES,Rubus nivalis Douglas ex Hook.,Rubus nivalis,,US,,Washington,PRESENT,,28eb1a3f-1c15-4a95-931a-4af90ecb574d,48.632359,-122.393981,182,,,,,,2022-06-14T15:31:58,14,6,2022,2998283,2998283,HUMAN_OBSERVATION,iNaturalist,Observations,122775308,,vyezene,2022-06-21T07:37:31,CC_BY_NC_4_0,vyezene,vyezene,,,2023-02-13T16:17:01.648Z,StillImage,COORDINATE_ROUNDED;CONTINENT_DERIVED_FROM_COORDINATES
3915266438,50c9509d-22c7-4a22-a47d-8c48425ef4a7,https://www.inaturalist.org/observations/129372438,Plantae,Tracheophyta,Magnoliopsida,Rosales,Rosaceae,Rubus,Rubus nivalis,,SPECIES,Rubus nivalis Douglas ex Hook.,Rubus nivalis,,CA,,British Columbia,PRESENT,,28eb1a3f-1c15-4a95-931a-4af90ecb574d,49.576014,-125.612411,32,,,,,,2022-07-01T12:13:00,1,7,2022,2998283,2998283,HUMAN_OBSERVATION,iNaturalist,Observations,129372438,,trientalid,2022-08-04T04:02:23,CC_BY_NC_4_0,trientalid,trientalid,,,2023-02-13T16:07:25.387Z,StillImage,COORDINATE_ROUNDED;CONTINENT_DERIVED_FROM_COORDINATES
3912107465,50c9509d-22c7-4a22-a47d-8c48425ef4a7,https://www.inaturalist.org/observations/100984952,Plantae,Tracheophyta,Magnoliopsida,Rosales,Rosaceae,Rubus,Rubus nivalis,,SPECIES,Rubus nivalis Douglas ex Hook.,Rubus nivalis,,US,,Washington,PRESENT,,28eb1a3f-1c15-4a95-931a-4af90ecb574d,48.632984,-122.403894,12,,,,,,2021-11-12T14:15:20,12,11,2021,2998283,2998283,HUMAN_OBSERVATION,iNaturalist,Observations,100984952,,T. Abe Lloyd,2021-11-13T06:50:12,CC_BY_NC_4_0,T. Abe Lloyd,T. Abe Lloyd,,,2023-02-13T16:05:42.802Z,StillImage,COORDINATE_ROUNDED;CONTINENT_DERIVED_FROM_COORDINATES
3912080300,50c9509d-22c7-4a22-a47d-8c48425ef4a7,https://www.inaturalist.org/observations/135079010,Plantae,Tracheophyta,Magnoliopsida,Rosales,Rosaceae,Rubus,Rubus nivalis,,SPECIES,Rubus nivalis Douglas ex Hook.,Rubus nivalis,,US,,Washington,PRESENT,,28eb1a3f-1c15-4a95-931a-4af90ecb574d,47.622475,-123.158128,18,,,,,,2022-09-14T14:55:21,14,9,2022,2998283,2998283,HUMAN_OBSERVATION,iNaturalist,Observations,135079010,,pouletnatures,2022-09-15T04:03:55,CC_BY_NC_4_0,pouletnatures,pouletnatures,,,2023-02-13T16:17:50.433Z,StillImage,COORDINATE_ROUNDED;CONTINENT_DERIVED_FROM_COORDINATES
3912073482,50c9509d-22c7-4a22-a47d-8c48425ef4a7,https://www.inaturalist.org/observations/100984821,Plantae,Tracheophyta,Magnoliopsida,Rosales,Rosaceae,Rubus,Rubus nivalis,,SPECIES,Rubus nivalis Douglas ex Hook.,Rubus nivalis,,US,,Washington,PRESENT,,28eb1a3f-1c15-4a95-931a-4af90ecb574d,48.630539,-122.390952,9,,,,,,2021-11-12T13:31:42,12,11,2021,2998283,2998283,HUMAN_OBSERVATION,iNaturalist,Observations,100984821,,T. Abe Lloyd,2021-11-13T06:47:02,CC_BY_NC_4_0,T. Abe Lloyd,T. Abe Lloyd,,,2023-02-13T16:14:28.905Z,StillImage,COORDINATE_ROUNDED;CONTINENT_DERIVED_FROM_COORDINATES
3902423912,50c9509d-22c7-4a22-a47d-8c48425ef4a7,https://www.inaturalist.org/observations/132108375,Plantae,Tracheophyta,Magnoliopsida,Rosales,Rosaceae,Rubus,Rubus nivalis,,SPECIES,Rubus nivalis Douglas ex Hook.,Rubus nivalis,,CA,,British Columbia,PRESENT,,28eb1a3f-1c15-4a95-931a-4af90ecb574d,49.570031,-125.629394,24,,,,,,2022-08-20T13:10:00,20,8,2022,2998283,2998283,HUMAN_OBSERVATION,iNaturalist,Observations,132108375,,Steven Hayward,2022-08-24T06:27:24,CC_BY_NC_4_0,Steven Hayward,Steven Hayward,,,2023-02-13T16:07:43.536Z,StillImage,COORDINATE_ROUNDED;CONTINENT_DERIVED_FROM_COORDINATES
3892366435,50c9509d-22c7-4a22-a47d-8c48425ef4a7,https://www.inaturalist.org/observations/126379456,Plantae,Tracheophyta,Magnoliopsida,Rosales,Rosaceae,Rubus,Rubus nivalis,,SPECIES,Rubus nivalis Douglas ex Hook.,Rubus nivalis,,CA,,British Columbia,PRESENT,,28eb1a3f-1c15-4a95-931a-4af90ecb574d,49.322724,-122.838145,4,,,,,,2022-07-15T12:09:50,15,7,2022,2998283,2998283,HUMAN_OBSERVATION,iNaturalist,Observations,126379456,,terrysamson,2022-07-15T19:10:24,CC_BY_NC_4_0,terrysamson,terrysamson,,,2023-02-13T16:15:56.224Z,StillImage,COORDINATE_ROUNDED;CONTINENT_DERIVED_FROM_COORDINATES
3892314444,50c9509d-22c7-4a22-a47d-8c48425ef4a7,https://www.inaturalist.org/observations/126379472,Plantae,Tracheophyta,Magnoliopsida,Rosales,Rosaceae,Rubus,Rubus nivalis,,SPECIES,Rubus nivalis Douglas ex Hook.,Rubus nivalis,,CA,,British Columbia,PRESENT,,28eb1a3f-1c15-4a95-931a-4af90ecb574d,49.322758,-122.83812,14,,,,,,2022-07-15T12:09:43,15,7,2022,2998283,2998283,HUMAN_OBSERVATION,iNaturalist,Observations,126379472,,dougcalder,2022-07-15T19:10:31,CC_BY_NC_4_0,dougcalder,dougcalder,,,2023-02-13T16:17:44.114Z,StillImage,COORDINATE_ROUNDED;CONTINENT_DERIVED_FROM_COORDINATES
3888999528,50c9509d-22c7-4a22-a47d-8c48425ef4a7,https://www.inaturalist.org/observations/127771464,Plantae,Tracheophyta,Magnoliopsida,Rosales,Rosaceae,Rubus,Rubus nivalis,,SPECIES,Rubus nivalis Douglas ex Hook.,Rubus nivalis,,US,,Washington,PRESENT,,28eb1a3f-1c15-4a95-931a-4af90ecb574d,48.035947,-123.434097,3,,,,,,2022-07-24T10:20:33,24,7,2022,2998283,2998283,HUMAN_OBSERVATION,iNaturalist,Observations,127771464,,Remington Jackson,2022-07-25T01:40:47,CC_BY_NC_4_0,Remington Jackson,Remington Jackson,,,2023-02-13T16:07:10.279Z,StillImage,COORDINATE_ROUNDED;CONTINENT_DERIVED_FROM_COORDINATES
3888804484,50c9509d-22c7-4a22-a47d-8c48425ef4a7,https://www.inaturalist.org/observations/127771762,Plantae,Tracheophyta,Magnoliopsida,Rosales,Rosaceae,Rubus,Rubus nivalis,,SPECIES,Rubus nivalis Douglas ex Hook.,Rubus nivalis,,US,,Washington,PRESENT,,28eb1a3f-1c15-4a95-931a-4af90ecb574d,48.034233,-123.444947,6,,,,,,2022-07-24T11:20:46,24,7,2022,2998283,2998283,HUMAN_OBSERVATION,iNaturalist,Observations,127771762,,Remington Jackson,2022-07-25T01:28:36,CC_BY_NC_4_0,Remington Jackson,Remington Jackson,,,2023-02-13T16:07:18.211Z,StillImage,COORDINATE_ROUNDED;CONTINENT_DERIVED_FROM_COORDINATES
3888768607,50c9509d-22c7-4a22-a47d-8c48425ef4a7,https://www.inaturalist.org/observations/129231071,Plantae,Tracheophyta,Magnoliopsida,Rosales,Rosaceae,Rubus,Rubus nivalis,,SPECIES,Rubus nivalis Douglas ex Hook.,Rubus nivalis,,US,,Washington,PRESENT,,28eb1a3f-1c15-4a95-931a-4af90ecb574d,48.040039,-123.434813,7,,,,,,2022-08-01T06:44:56,1,8,2022,2998283,2998283,HUMAN_OBSERVATION,iNaturalist,Observations,129231071,,jareddodson,2022-08-03T03:07:04,CC_BY_NC_4_0,jareddodson,jareddodson,,,2023-02-13T16:07:00.931Z,StillImage,COORDINATE_ROUNDED;CONTINENT_DERIVED_FROM_COORDINATES
3888714475,50c9509d-22c7-4a22-a47d-8c48425ef4a7,https://www.inaturalist.org/observations/127771421,Plantae,Tracheophyta,Magnoliopsida,Rosales,Rosaceae,Rubus,Rubus nivalis,,SPECIES,Rubus nivalis Douglas ex Hook.,Rubus nivalis,,US,,Washington,PRESENT,,28eb1a3f-1c15-4a95-931a-4af90ecb574d,48.032281,-123.435678,5,,,,,,2022-07-24T10:15:15,24,7,2022,2998283,2998283,HUMAN_OBSERVATION,iNaturalist,Observations,127771421,,Remington Jackson,2022-07-25T01:42:33,CC_BY_NC_4_0,Remington Jackson,Remington Jackson,,,2023-02-13T16:18:03.051Z,StillImage,COORDINATE_ROUNDED;CONTINENT_DERIVED_FROM_COORDINATES
3873882795,50c9509d-22c7-4a22-a47d-8c48425ef4a7,https://www.inaturalist.org/observations/127315004,Plantae,Tracheophyta,Magnoliopsida,Rosales,Rosaceae,Rubus,Rubus nivalis,,SPECIES,Rubus nivalis Douglas ex Hook.,Rubus nivalis,,US,,Washington,PRESENT,,28eb1a3f-1c15-4a95-931a-4af90ecb574d,48.03572,-123.43425,30,,,,,,2022-07-21T16:02:55,21,7,2022,2998283,2998283,HUMAN_OBSERVATION,iNaturalist,Observations,127315004,,scramblyn,2022-07-22T03:39:18,CC_BY_NC_4_0,scramblyn,scramblyn,,,2023-02-13T16:06:58.473Z,StillImage,COORDINATE_ROUNDED;CONTINENT_DERIVED_FROM_COORDINATES
3873635040,50c9509d-22c7-4a22-a47d-8c48425ef4a7,https://www.inaturalist.org/observations/125379834,Plantae,Tracheophyta,Magnoliopsida,Rosales,Rosaceae,Rubus,Rubus nivalis,,SPECIES,Rubus nivalis Douglas ex Hook.,Rubus nivalis,,CA,,British Columbia,PRESENT,,28eb1a3f-1c15-4a95-931a-4af90ecb574d,49.850216,-125.787848,375,,,,,,2022-07-07T15:25:30,7,7,2022,2998283,2998283,HUMAN_OBSERVATION,iNaturalist,Observations,125379834,,kaiden,2022-07-09T00:12:39,CC_BY_NC_4_0,kaiden,kaiden,,,2023-02-13T16:16:20.947Z,StillImage,COORDINATE_ROUNDED;CONTINENT_DERIVED_FROM_COORDINATES
3873520867,50c9509d-22c7-4a22-a47d-8c48425ef4a7,https://www.inaturalist.org/observations/125199855,Plantae,Tracheophyta,Magnoliopsida,Rosales,Rosaceae,Rubus,Rubus nivalis,,SPECIES,Rubus nivalis Douglas ex Hook.,Rubus nivalis,,CA,,British Columbia,PRESENT,,28eb1a3f-1c15-4a95-931a-4af90ecb574d,49.772945,-125.621767,8,,,,,,2022-07-05T13:12:00,5,7,2022,2998283,2998283,HUMAN_OBSERVATION,iNaturalist,Observations,125199855,,Steven Hayward,2022-07-07T18:37:40,CC_BY_NC_4_0,Steven Hayward,Steven Hayward,,,2023-02-13T16:17:02.289Z,StillImage,COORDINATE_ROUNDED;CONTINENT_DERIVED_FROM_COORDINATES
3859854047,50c9509d-22c7-4a22-a47d-8c48425ef4a7,https://www.inaturalist.org/observations/113597107,Plantae,Tracheophyta,Magnoliopsida,Rosales,Rosaceae,Rubus,Rubus nivalis,,SPECIES,Rubus nivalis Douglas ex Hook.,Rubus nivalis,,US,,Washington,PRESENT,,28eb1a3f-1c15-4a95-931a-4af90ecb574d,46.42563,-121.847595,10,,,,,,2022-04-29T11:52:23,29,4,2022,2998283,2998283,HUMAN_OBSERVATION,iNaturalist,Observations,113597107,,Kela Hall-Wieckert,2022-04-29T23:03:12,CC_BY_NC_4_0,Kela Hall-Wieckert,Kela Hall-Wieckert,,,2023-02-13T16:06:07.511Z,StillImage,CONTINENT_DERIVED_FROM_COORDINATES
3859016468,50c9509d-22c7-4a22-a47d-8c48425ef4a7,https://www.inaturalist.org/observations/123784392,Plantae,Tracheophyta,Magnoliopsida,Rosales,Rosaceae,Rubus,Rubus nivalis,,SPECIES,Rubus nivalis Douglas ex Hook.,Rubus nivalis,,CA,,British Columbia,PRESENT,,28eb1a3f-1c15-4a95-931a-4af90ecb574d,49.541975,-125.554805,693,,,,,,2022-06-27T10:12:00,27,6,2022,2998283,2998283,HUMAN_OBSERVATION,iNaturalist,Observations,123784392,,Randal,2022-06-28T03:02:27,CC0_1_0,Randal,Randal,,,2023-02-13T16:06:46.931Z,StillImage,COORDINATE_ROUNDED;CONTINENT_DERIVED_FROM_COORDINATES
3820733466,b9f2645b-a5e0-4f24-aa97-eef1f6968fe8,{8B1D8B70-7BDF-4F1C-9F5A-B6F85EBF48E7},Plantae,Tracheophyta,Magnoliopsida,Rosales,Rosaceae,Rubus,Rubus nivalis,,SPECIES,Rubus nivalis Douglas ex Hook.,Rubus nivalis,Douglas ex Hook.,US,Grayback Mt.,Oregon,PRESENT,,ac5e8480-3714-11da-bc2e-b8a03c50a862,42.11,-123.3117,1609,,,,,,1930-07-13T00:00:00,13,7,1930,2998283,2998283,PRESERVED_SPECIMEN,OSU,V,,13243,Thompson,,,,,,,,,
3820722375,b9f2645b-a5e0-4f24-aa97-eef1f6968fe8,{E9B871DA-206B-4CD8-A209-3E87A5792DB0},Plantae,Tracheophyta,Magnoliopsida,Rosales,Rosaceae,Rubus,Rubus nivalis,,SPECIES,Rubus nivalis Douglas ex Hook.,Rubus nivalis,Douglas ex Hook.,US,Breitenbush River.,Oregon,PRESENT,,ac5e8480-3714-11da-bc2e-b8a03c50a862,44.773313,-122.069254,19312,,716,,,,1907-07-28T00:00:00,28,7,1907,2998283,2998283,PRESERVED_SPECIMEN,OSU,V,,2897,Thompson,,,,,,,,,
3820708820,b9f2645b-a5e0-4f24-aa97-eef1f6968fe8,{47FF61C7-49F2-4EAD-A082-4409EBE26187},Plantae,Tracheophyta,Magnoliopsida,Rosales,Rosaceae,Rubus,Rubus nivalis,,SPECIES,Rubus nivalis Douglas ex Hook.,Rubus nivalis,Douglas ex Hook.,US,1 mile east of Laurelwood Golf Course.,Oregon,PRESENT,,ac5e8480-3714-11da-bc2e-b8a03c50a862,44.025,-123.045057,1609,,,,,,1938-05-23T00:00:00,23,5,1938,2998283,2998283,PRESERVED_SPECIMEN,OSU,V,,s.n.,Thompson,,,,,,,,,
3820708500,b9f2645b-a5e0-4f24-aa97-eef1f6968fe8,{DDF4E9AD-EC1A-4510-9C11-D7944F1F74DA},Plantae,Tracheophyta,Magnoliopsida,Rosales,Rosaceae,Rubus,Rubus nivalis,,SPECIES,Rubus nivalis Douglas ex Hook.,Rubus nivalis,Douglas ex Hook.,US,near HeHe For.,,,,,,,,,,,,,,,,,,,,,,,,,,,,,,,,,
3820706788,b9f2645b-a5e0-4f24-aa97-eef1f6968fe8,{27A06DDA-D167-49C5-87F5-2112EE734BE6},Plantae,Tracheophyta,Magnoliopsida,Rosales,Rosaceae,Rubus,Rubus nivalis,,SPECIES,Rubus nivalis Douglas ex Hook.,Rubus nivalis,Douglas ex Hook.,US,west side of East Hills near City Park,,,,,,,,,,,,,,,,,,,,,,,,,,,,,,,,,
3820706471,b9f2645b-a5e0-4f24-aa97-eef1f6968fe8,{C848CA56-4977-4EC9-B0A9-18B5F969A65A},Plantae,Tracheophyta,Magnoliopsida,Rosales,Rosaceae,Rubus,Rubus nivalis,,SPECIES,Rubus nivalis Douglas ex Hook.,Rubus nivalis,Douglas ex Hook.,US,McCredie Springs.,Oregon,PRESENT,,ac5e8480-3714-11da-bc2e-b8a03c50a862,43.71,-122.2878,402,,,,,,1931-08-18T00:00:00,18,8,1931,2998283,2998283,PRESERVED_SPECIMEN,OSU,V,,14024,Thompson,,,,,,,,,
3820699153,b9f2645b-a5e0-4f24-aa97-eef1f6968fe8,{62C0E831-BC95-4BE3-A405-3F514C63D71D},Plantae,Tracheophyta,Magnoliopsida,Rosales,Rosaceae,Rubus,Rubus nivalis,,SPECIES,Rubus nivalis Douglas ex Hook.,Rubus nivalis,Douglas ex Hook.,US,trail from Oregon Caves to Grayback Creek.,Oregon,PRESENT,,ac5e8480-3714-11da-bc2e-b8a03c50a862,42.10397,-123.39633,805,,1373,,,,1949-06-26T00:00:00,26,6,1949,2998283,2998283,PRESERVED_SPECIMEN,OSU,V,,6520,Thompson,,,,,,,,,
3820698192,b9f2645b-a5e0-4f24-aa97-eef1f6968fe8,{A0505F3E-5444-470A-9ACF-22708197F971},Plantae,Tracheophyta,Magnoliopsida,Rosales,Rosaceae,Rubus,Rubus nivalis,,SPECIES,Rubus nivalis Douglas ex Hook.,Rubus nivalis,Douglas ex Hook.,US,Coast Mountain,,,,,,,,,,,,,,,,,,,,,,,,,,,,,,,,,
3820665717,b9f2645b-a5e0-4f24-aa97-eef1f6968fe8,{5F73E771-39A4-4376-A5AF-E9A6C13A2694},Plantae,Tracheophyta,Magnoliopsida,Rosales,Rosaceae,Rubus,Rubus nivalis,,SPECIES,Rubus nivalis Douglas ex Hook.,Rubus nivalis,Douglas ex Hook.,US,Rainier.,Oregon,PRESENT,,ac5e8480-3714-11da-bc2e-b8a03c50a862,46.0892,-122.9347,402,,,,,,1916-08-19T00:00:00,19,8,1916,2998283,2998283,PRESERVED_SPECIMEN,OSU,V,,s.n.,Thompson,,,,,,,,,
3820659912,b9f2645b-a5e0-4f24-aa97-eef1f6968fe8,{122E6CB3-21BA-44BF-B6F0-0207D6F43DEE},Plantae,Tracheophyta,Magnoliopsida,Rosales,Rosaceae,Rubus,Rubus nivalis,,SPECIES,Rubus nivalis Douglas ex Hook.,Rubus nivalis,Douglas ex Hook.,US,Willamette Meridian.,Oregon,PRESENT,,ac5e8480-3714-11da-bc2e-b8a03c50a862,43.21972,-122.84445,805,,610,,,,1959-07-07T00:00:00,7,7,1959,2998283,2998283,PRESERVED_SPECIMEN,OSU,V,,s.n.,Thompson,,,,,,,,,
3820659629,b9f2645b-a5e0-4f24-aa97-eef1f6968fe8,{31233940-561A-431F-831C-1E29C9CD565F},Plantae,Tracheophyta,Magnoliopsida,Rosales,Rosaceae,Rubus,Rubus nivalis,,SPECIES,Rubus nivalis Douglas ex Hook.,Rubus nivalis,Douglas ex Hook.,US,ca. 0.1 mile NW of and below Big Tree; Oregon Caves National Monument,,,,,,,,,,,,,,,,,,,,,,,,,,,,,,,,,
3820647633,b9f2645b-a5e0-4f24-aa97-eef1f6968fe8,{6227B50F-9F34-4189-BC75-EFEE76A6BCB4},Plantae,Tracheophyta,Magnoliopsida,Rosales,Rosaceae,Rubus,Rubus nivalis,,SPECIES,Rubus nivalis Douglas ex Hook.,Rubus nivalis,Douglas ex Hook.,US,Siskiyou National Forest; head of Cave Creek on trail.,Oregon,PRESENT,,ac5e8480-3714-11da-bc2e-b8a03c50a862,42.0983,-123.40763,402,,1524,,,,1919-08-28T00:00:00,28,8,1919,2998283,2998283,PRESERVED_SPECIMEN,OSU,V,,1020,Thompson,,,,,,,,,
3820603361,b9f2645b-a5e0-4f24-aa97-eef1f6968fe8,{A4002669-2161-4904-A009-A94AA4D4DA88},Plantae,Tracheophyta,Magnoliopsida,Rosales,Rosaceae,Rubus,Rubus nivalis,,SPECIES,Rubus nivalis Douglas ex Hook.,Rubus nivalis,Douglas ex Hook.,US,24 miles NNE of Myrtle Point,,,,,,,,,,,,,,,,,,,,,,,,,,,,,,,,,
3820592135,b9f2645b-a5e0-4f24-aa97-eef1f6968fe8,{C62AE20A-C976-4A23-A777-2F242CC16A1F},Plantae,Tracheophyta,Magnoliopsida,Rosales,Rosaceae,Rubus,Rubus nivalis,,SPECIES,Rubus nivalis Douglas ex Hook.,Rubus nivalis,Douglas ex Hook.,US,Mansfield Mt. Trail.,Oregon,PRESENT,,ac5e8480-3714-11da-bc2e-b8a03c50a862,44.79278,-121.97905,805,,1068,,,,1946-06-21T00:00:00,21,6,1946,2998283,2998283,PRESERVED_SPECIMEN,OSU,V,,5706,Thompson,,,,,,,,,
3820584289,b9f2645b-a5e0-4f24-aa97-eef1f6968fe8,{20A0DD79-3667-4468-81D2-D54D90D67D10},Plantae,Tracheophyta,Magnoliopsida,Rosales,Rosaceae,Rubus,Rubus nivalis,,SPECIES,Rubus nivalis Douglas ex Hook.,Rubus nivalis,Douglas ex Hook.,US,woods E of Perkins Creek Rd.,,,,,,,,,,,,,,,,,,,,,,,,,,,,,,,,,
3820567886,b9f2645b-a5e0-4f24-aa97-eef1f6968fe8,{6206D003-819F-4BD7-BD76-3CF034540639},Plantae,Tracheophyta,Magnoliopsida,Rosales,Rosaceae,Rubus,Rubus nivalis,,SPECIES,Rubus nivalis Douglas ex Hook.,Rubus nivalis,Douglas ex Hook.,US,from Scappoose.,Oregon,PRESENT,,ac5e8480-3714-11da-bc2e-b8a03c50a862,45.7544,-122.8764,402,,,,,,1930-10-09T00:00:00,9,10,1930,2998283,2998283,PRESERVED_SPECIMEN,OSU,V,,s.n.,Thompson,,,,,,,,,
3820565822,b9f2645b-a5e0-4f24-aa97-eef1f6968fe8,{6C8FFA7F-98A6-4861-8DFB-564DDD366312},Plantae,Tracheophyta,Magnoliopsida,Rosales,Rosaceae,Rubus,Rubus nivalis,,SPECIES,Rubus nivalis Douglas ex Hook.,Rubus nivalis,Douglas ex Hook.,US,near the headwaters of McDowell Creek; on the SW slopes of Mt. Green Peter,,,,,,,,,,,,,,,,,,,,,,,,,,,,,,,,,
3820559416,b9f2645b-a5e0-4f24-aa97-eef1f6968fe8,{09CE59B1-A010-4A1F-9DB4-EE7108925855},Plantae,Tracheophyta,Magnoliopsida,Rosales,Rosaceae,Rubus,Rubus nivalis,,SPECIES,Rubus nivalis Douglas ex Hook.,Rubus nivalis,Douglas ex Hook.,US,Cold Spring Forest Camp.,Oregon,PRESENT,,ac5e8480-3714-11da-bc2e-b8a03c50a862,42.17556,-123.84574,1609,,,,,,1947-08-27T00:00:00,27,8,1947,2998283,2998283,PRESERVED_SPECIMEN,OSU,V,,5039,Thompson,,,,,,,,,
3820533515,b9f2645b-a5e0-4f24-aa97-eef1f6968fe8,{DE49A573-2E3A-4898-9C2C-C21CA15842E4},Plantae,Tracheophyta,Magnoliopsida,Rosales,Rosaceae,Rubus,Rubus nivalis,,SPECIES,Rubus nivalis Douglas ex Hook.,Rubus nivalis,Douglas ex Hook.,US,12 mi. SE of Oakridge.,Oregon,PRESENT,,ac5e8480-3714-11da-bc2e-b8a03c50a862,43.616137,-122.281092,19312,,,,,,1943-06-24T00:00:00,24,6,1943,2998283,2998283,PRESERVED_SPECIMEN,OSU,V,,22045,Thompson,,,,,,,,,
3820522289,b9f2645b-a5e0-4f24-aa97-eef1f6968fe8,{C01F2BE7-A8D6-4B51-93B5-2C947D1332E5},Plantae,Tracheophyta,Magnoliopsida,Rosales,Rosaceae,Rubus,Rubus nivalis,,SPECIES,Rubus nivalis Douglas ex Hook.,Rubus nivalis,Douglas ex Hook.,US,slope of Mt. Ashland.,Oregon,PRESENT,,ac5e8480-3714-11da-bc2e-b8a03c50a862,42.0768,-122.7069,805,,,,,,1913-07-19T00:00:00,19,7,1913,2998283,2998283,PRESERVED_SPECIMEN,OSU,V,,2138,Thompson,,,,,,,,,
3802819461,50c9509d-22c7-4a22-a47d-8c48425ef4a7,https://www.inaturalist.org/observations/118459025,Plantae,Tracheophyta,Magnoliopsida,Rosales,Rosaceae,Rubus,Rubus nivalis,,SPECIES,Rubus nivalis Douglas ex Hook.,Rubus nivalis,,CA,,British Columbia,PRESENT,,28eb1a3f-1c15-4a95-931a-4af90ecb574d,49.73487,-125.592831,516,,,,,,2022-05-23T15:00:56,23,5,2022,2998283,2998283,HUMAN_OBSERVATION,iNaturalist,Observations,118459025,,kaiden,2022-05-24T01:33:05,CC_BY_NC_4_0,kaiden,kaiden,,,2023-02-13T16:06:35.818Z,StillImage,COORDINATE_ROUNDED;CONTINENT_DERIVED_FROM_COORDINATES
3772904380,50c9509d-22c7-4a22-a47d-8c48425ef4a7,https://www.inaturalist.org/observations/114546877,Plantae,Tracheophyta,Magnoliopsida,Rosales,Rosaceae,Rubus,Rubus nivalis,,SPECIES,Rubus nivalis Douglas ex Hook.,Rubus nivalis,,US,,Washington,PRESENT,,28eb1a3f-1c15-4a95-931a-4af90ecb574d,46.74986,-121.890708,,,,,,,2022-05-01T10:21:54,1,5,2022,2998283,2998283,HUMAN_OBSERVATION,iNaturalist,Observations,114546877,,Brandon Hawn,2022-05-02T03:45:47,CC_BY_NC_4_0,Brandon Hawn,Brandon Hawn,,,2023-02-13T16:15:29.803Z,StillImage,COORDINATE_ROUNDED;CONTINENT_DERIVED_FROM_COORDINATES
3760122672,50c9509d-22c7-4a22-a47d-8c48425ef4a7,https://www.inaturalist.org/observations/112236469,Plantae,Tracheophyta,Magnoliopsida,Rosales,Rosaceae,Rubus,Rubus nivalis,,SPECIES,Rubus nivalis Douglas ex Hook.,Rubus nivalis,,US,,Oregon,PRESENT,,28eb1a3f-1c15-4a95-931a-4af90ecb574d,44.231738,-122.162228,,,,,,,2011-04-24T10:53:00,24,4,2011,2998283,2998283,HUMAN_OBSERVATION,iNaturalist,Observations,112236469,,Robert Roberts,2022-04-21T12:42:11,CC_BY_NC_4_0,Robert M. Mutch Jr.,Robert M. Mutch Jr.,,,2023-02-13T16:06:38.299Z,StillImage,COORDINATE_ROUNDED;CONTINENT_DERIVED_FROM_COORDINATES
3712551198,50c9509d-22c7-4a22-a47d-8c48425ef4a7,https://www.inaturalist.org/observations/108288415,Plantae,Tracheophyta,Magnoliopsida,Rosales,Rosaceae,Rubus,Rubus nivalis,,SPECIES,Rubus nivalis Douglas ex Hook.,Rubus nivalis,,US,,Washington,PRESENT,,28eb1a3f-1c15-4a95-931a-4af90ecb574d,47.684874,-123.064976,484,,,,,,2022-03-05T11:33:23,5,3,2022,2998283,2998283,HUMAN_OBSERVATION,iNaturalist,Observations,108288415,,tonyscout,2022-03-10T06:46:58,CC_BY_NC_4_0,tonyscout,tonyscout,,,2023-02-13T16:05:55.843Z,StillImage,COORDINATE_ROUNDED;CONTINENT_DERIVED_FROM_COORDINATES
3499651637,50c9509d-22c7-4a22-a47d-8c48425ef4a7,https://www.inaturalist.org/observations/106502341,Plantae,Tracheophyta,Magnoliopsida,Rosales,Rosaceae,Rubus,Rubus nivalis,,SPECIES,Rubus nivalis Douglas ex Hook.,Rubus nivalis,,CA,,British Columbia,PRESENT,,28eb1a3f-1c15-4a95-931a-4af90ecb574d,50.128467,-117.554489,5,,,,,,2021-06-23T13:12:00,23,6,2021,2998283,2998283,HUMAN_OBSERVATION,iNaturalist,Observations,106502341,,Ryan Durand,2022-02-10T17:53:15,CC_BY_4_0,Ryan Durand,Ryan Durand,,,2023-02-13T16:14:25.646Z,StillImage,COORDINATE_ROUNDED;CONTINENT_DERIVED_FROM_COORDINATES
3468951808,50c9509d-22c7-4a22-a47d-8c48425ef4a7,https://www.inaturalist.org/observations/106215522,Plantae,Tracheophyta,Magnoliopsida,Rosales,Rosaceae,Rubus,Rubus nivalis,,SPECIES,Rubus nivalis Douglas ex Hook.,Rubus nivalis,,US,,Oregon,PRESENT,,28eb1a3f-1c15-4a95-931a-4af90ecb574d,43.799655,-122.628128,4,,,,,,2022-02-05T14:07:01,5,2,2022,2998283,2998283,HUMAN_OBSERVATION,iNaturalist,Observations,106215522,,Alex Wright,2022-02-07T03:31:10,CC_BY_4_0,Hilary Rose Dawson,Hilary Rose Dawson,,,2023-02-13T16:15:32.533Z,StillImage,COORDINATE_ROUNDED;CONTINENT_DERIVED_FROM_COORDINATES
3457024686,50c9509d-22c7-4a22-a47d-8c48425ef4a7,https://www.inaturalist.org/observations/103267797,Plantae,Tracheophyta,Magnoliopsida,Rosales,Rosaceae,Rubus,Rubus nivalis,,SPECIES,Rubus nivalis Douglas ex Hook.,Rubus nivalis,,US,,Washington,PRESENT,,28eb1a3f-1c15-4a95-931a-4af90ecb574d,47.683,-123.063033,3,,,,,,2021-04-13T07:44:44,13,4,2021,2998283,2998283,HUMAN_OBSERVATION,iNaturalist,Observations,103267797,,jareddodson,2021-12-18T20:38:52,CC_BY_NC_4_0,jareddodson,jareddodson,,,2023-02-13T16:06:03.819Z,StillImage,COORDINATE_ROUNDED;CONTINENT_DERIVED_FROM_COORDINATES
3415407254,50c9509d-22c7-4a22-a47d-8c48425ef4a7,https://www.inaturalist.org/observations/100545497,Plantae,Tracheophyta,Magnoliopsida,Rosales,Rosaceae,Rubus,Rubus nivalis,,SPECIES,Rubus nivalis Douglas ex Hook.,Rubus nivalis,,US,,Washington,PRESENT,,28eb1a3f-1c15-4a95-931a-4af90ecb574d,48.05288,-123.505352,,,,,,,2021-11-07T15:40:10,7,11,2021,2998283,2998283,HUMAN_OBSERVATION,iNaturalist,Observations,100545497,,tonyscout,2021-11-07T23:41:56,CC_BY_NC_4_0,tonyscout,tonyscout,,,2023-02-13T16:05:28.585Z,StillImage,CONTINENT_DERIVED_FROM_COORDINATES
3408243416,50c9509d-22c7-4a22-a47d-8c48425ef4a7,https://www.inaturalist.org/observations/74470688,Plantae,Tracheophyta,Magnoliopsida,Rosales,Rosaceae,Rubus,Rubus nivalis,,SPECIES,Rubus nivalis Douglas ex Hook.,Rubus nivalis,,US,,Washington,PRESENT,,28eb1a3f-1c15-4a95-931a-4af90ecb574d,47.682861,-123.063156,,,,,,,2021-04-18T12:10:43,18,4,2021,2998283,2998283,HUMAN_OBSERVATION,iNaturalist,Observations,74470688,,John A Haskins,2021-04-19T01:41:29,CC_BY_4_0,John A Haskins,John A Haskins,,,2023-02-13T16:04:10.638Z,StillImage,COORDINATE_ROUNDED;CONTINENT_DERIVED_FROM_COORDINATES
3408243375,50c9509d-22c7-4a22-a47d-8c48425ef4a7,https://www.inaturalist.org/observations/55463184,Plantae,Tracheophyta,Magnoliopsida,Rosales,Rosaceae,Rubus,Rubus nivalis,,SPECIES,Rubus nivalis Douglas ex Hook.,Rubus nivalis,,US,,Washington,PRESENT,,28eb1a3f-1c15-4a95-931a-4af90ecb574d,47.608272,-123.159206,,,,,,,2020-08-04T16:35:19,4,8,2020,2998283,2998283,HUMAN_OBSERVATION,iNaturalist,Observations,55463184,,John A Haskins,2020-08-05T04:52:37,CC_BY_4_0,John A Haskins,John A Haskins,,,2023-02-13T16:02:22.462Z,StillImage,COORDINATE_ROUNDED;CONTINENT_DERIVED_FROM_COORDINATES
3408103547,50c9509d-22c7-4a22-a47d-8c48425ef4a7,https://www.inaturalist.org/observations/93961793,Plantae,Tracheophyta,Magnoliopsida,Rosales,Rosaceae,Rubus,Rubus nivalis,,SPECIES,Rubus nivalis Douglas ex Hook.,Rubus nivalis,,US,,Washington,PRESENT,,28eb1a3f-1c15-4a95-931a-4af90ecb574d,46.544378,-121.5996,,,,,,,2021-09-05T11:14:00,5,9,2021,2998283,2998283,HUMAN_OBSERVATION,iNaturalist,Observations,93961793,,Eric Jain,2021-09-07T20:55:35,CC_BY_NC_4_0,Eric Jain,Eric Jain,,,2023-02-13T16:13:35.459Z,StillImage,COORDINATE_ROUNDED;CONTINENT_DERIVED_FROM_COORDINATES
3408036508,50c9509d-22c7-4a22-a47d-8c48425ef4a7,https://www.inaturalist.org/observations/91483352,Plantae,Tracheophyta,Magnoliopsida,Rosales,Rosaceae,Rubus,Rubus nivalis,,SPECIES,Rubus nivalis Douglas ex Hook.,Rubus nivalis,,CA,,British Columbia,PRESENT,,28eb1a3f-1c15-4a95-931a-4af90ecb574d,49.288575,-122.518197,4,,,,,,2021-08-15T07:57:00,15,8,2021,2998283,2998283,HUMAN_OBSERVATION,iNaturalist,Observations,91483352,,John D Reynolds,2021-08-17T01:55:30,CC_BY_NC_4_0,John D Reynolds,John D Reynolds,,,2023-02-13T16:04:41.011Z,StillImage,COORDINATE_ROUNDED;CONTINENT_DERIVED_FROM_COORDINATES
3408033476,50c9509d-22c7-4a22-a47d-8c48425ef4a7,https://www.inaturalist.org/observations/91483358,Plantae,Tracheophyta,Magnoliopsida,Rosales,Rosaceae,Rubus,Rubus nivalis,,SPECIES,Rubus nivalis Douglas ex Hook.,Rubus nivalis,,CA,,British Columbia,PRESENT,,28eb1a3f-1c15-4a95-931a-4af90ecb574d,49.288764,-122.518233,4,,,,,,2021-08-15T07:59:00,15,8,2021,2998283,2998283,HUMAN_OBSERVATION,iNaturalist,Observations,91483358,,John D Reynolds,2021-08-17T01:55:32,CC_BY_NC_4_0,John D Reynolds,John D Reynolds,,,2023-02-13T16:05:01.188Z,StillImage,COORDINATE_ROUNDED;CONTINENT_DERIVED_FROM_COORDINATES
3408024493,50c9509d-22c7-4a22-a47d-8c48425ef4a7,https://www.inaturalist.org/observations/91483354,Plantae,Tracheophyta,Magnoliopsida,Rosales,Rosaceae,Rubus,Rubus nivalis,,SPECIES,Rubus nivalis Douglas ex Hook.,Rubus nivalis,,CA,,British Columbia,PRESENT,,28eb1a3f-1c15-4a95-931a-4af90ecb574d,49.288717,-122.518228,4,,,,,,2021-08-15T07:58:00,15,8,2021,2998283,2998283,HUMAN_OBSERVATION,iNaturalist,Observations,91483354,,John D Reynolds,2021-08-17T01:55:31,CC_BY_NC_4_0,John D Reynolds,John D Reynolds,,,2023-02-13T16:04:43.226Z,StillImage,COORDINATE_ROUNDED;CONTINENT_DERIVED_FROM_COORDINATES
3408012500,50c9509d-22c7-4a22-a47d-8c48425ef4a7,https://www.inaturalist.org/observations/91483353,Plantae,Tracheophyta,Magnoliopsida,Rosales,Rosaceae,Rubus,Rubus nivalis,,SPECIES,Rubus nivalis Douglas ex Hook.,Rubus nivalis,,CA,,British Columbia,PRESENT,,28eb1a3f-1c15-4a95-931a-4af90ecb574d,49.288578,-122.518197,4,,,,,,2021-08-15T07:57:00,15,8,2021,2998283,2998283,HUMAN_OBSERVATION,iNaturalist,Observations,91483353,,John D Reynolds,2021-08-17T01:55:31,CC_BY_NC_4_0,John D Reynolds,John D Reynolds,,,2023-02-13T16:04:54.480Z,StillImage,COORDINATE_ROUNDED;CONTINENT_DERIVED_FROM_COORDINATES
3407989491,50c9509d-22c7-4a22-a47d-8c48425ef4a7,https://www.inaturalist.org/observations/91483356,Plantae,Tracheophyta,Magnoliopsida,Rosales,Rosaceae,Rubus,Rubus nivalis,,SPECIES,Rubus nivalis Douglas ex Hook.,Rubus nivalis,,CA,,British Columbia,PRESENT,,28eb1a3f-1c15-4a95-931a-4af90ecb574d,49.288689,-122.518258,4,,,,,,2021-08-15T07:58:00,15,8,2021,2998283,2998283,HUMAN_OBSERVATION,iNaturalist,Observations,91483356,,John D Reynolds,2021-08-17T01:55:31,CC_BY_NC_4_0,John D Reynolds,John D Reynolds,,,2023-02-13T16:04:42.481Z,StillImage,COORDINATE_ROUNDED;CONTINENT_DERIVED_FROM_COORDINATES
3407985391,50c9509d-22c7-4a22-a47d-8c48425ef4a7,https://www.inaturalist.org/observations/62373908,Plantae,Tracheophyta,Magnoliopsida,Rosales,Rosaceae,Rubus,Rubus nivalis,,SPECIES,Rubus nivalis Douglas ex Hook.,Rubus nivalis,,US,,Washington,PRESENT,,28eb1a3f-1c15-4a95-931a-4af90ecb574d,47.682863,-123.062928,32,,,,,,2020-10-11T12:10:07,11,10,2020,2998283,2998283,HUMAN_OBSERVATION,iNaturalist,Observations,62373908,,gwazala,2020-10-12T03:41:58,CC_BY_NC_4_0,gwazala,gwazala,,,2023-02-13T16:02:48.374Z,StillImage,COORDINATE_ROUNDED;CONTINENT_DERIVED_FROM_COORDINATES
3407916110,50c9509d-22c7-4a22-a47d-8c48425ef4a7,https://www.inaturalist.org/observations/100042557,Plantae,Tracheophyta,Magnoliopsida,Rosales,Rosaceae,Rubus,Rubus nivalis,,SPECIES,Rubus nivalis Douglas ex Hook.,Rubus nivalis,,US,,Oregon,PRESENT,,28eb1a3f-1c15-4a95-931a-4af90ecb574d,42.124143,-123.337444,10,,,,,,2021-10-31T14:14:12,31,10,2021,2998283,2998283,HUMAN_OBSERVATION,iNaturalist,Observations,100042557,,Rachel Werling,2021-11-02T04:05:56,CC_BY_4_0,Rachel Werling,Rachel Werling,,,2023-02-13T16:05:45.408Z,StillImage,COORDINATE_ROUNDED;CONTINENT_DERIVED_FROM_COORDINATES
3355251815,50c9509d-22c7-4a22-a47d-8c48425ef4a7,https://www.inaturalist.org/observations/93549984,Plantae,Tracheophyta,Magnoliopsida,Rosales,Rosaceae,Rubus,Rubus nivalis,,SPECIES,Rubus nivalis Douglas ex Hook.,Rubus nivalis,,CA,,British Columbia,PRESENT,,28eb1a3f-1c15-4a95-931a-4af90ecb574d,49.431308,-123.527153,4,,,,,,2021-09-02T14:08:17,2,9,2021,2998283,2998283,HUMAN_OBSERVATION,iNaturalist,Observations,93549984,,botanybum,2021-09-04T19:40:57,CC_BY_NC_4_0,botanybum,botanybum,,,2023-02-13T16:05:03.287Z,StillImage,COORDINATE_ROUNDED;CONTINENT_DERIVED_FROM_COORDINATES
3338103121,50c9509d-22c7-4a22-a47d-8c48425ef4a7,https://www.inaturalist.org/observations/91273860,Plantae,Tracheophyta,Magnoliopsida,Rosales,Rosaceae,Rubus,Rubus nivalis,,SPECIES,Rubus nivalis Douglas ex Hook.,Rubus nivalis,,CA,,British Columbia,PRESENT,,28eb1a3f-1c15-4a95-931a-4af90ecb574d,49.571111,-125.626111,,,,,,,2021-08-11T11:30:00,11,8,2021,2998283,2998283,HUMAN_OBSERVATION,iNaturalist,Observations,91273860,,Eva Ullstrm,2021-08-15T15:59:56,CC_BY_NC_4_0,Eva Ullstrm,Eva Ullstrm,,,2023-02-13T16:12:58.090Z,StillImage,COORDINATE_ROUNDED;CONTINENT_DERIVED_FROM_COORDINATES
3337930512,50c9509d-22c7-4a22-a47d-8c48425ef4a7,https://www.inaturalist.org/observations/90347255,Plantae,Tracheophyta,Magnoliopsida,Rosales,Rosaceae,Rubus,Rubus nivalis,,SPECIES,Rubus nivalis Douglas ex Hook.,Rubus nivalis,,CA,,British Columbia,PRESENT,,28eb1a3f-1c15-4a95-931a-4af90ecb574d,49.570553,-125.626739,16,,,,,,2021-07-02T10:01:00,2,7,2021,2998283,2998283,HUMAN_OBSERVATION,iNaturalist,Observations,90347255,,trientalid,2021-08-08T02:55:57,CC_BY_NC_4_0,trientalid,trientalid,,,2023-02-13T16:13:35.455Z,StillImage,COORDINATE_ROUNDED;CONTINENT_DERIVED_FROM_COORDINATES
3337813502,50c9509d-22c7-4a22-a47d-8c48425ef4a7,https://www.inaturalist.org/observations/90926341,Plantae,Tracheophyta,Magnoliopsida,Rosales,Rosaceae,Rubus,Rubus nivalis,,SPECIES,Rubus nivalis Douglas ex Hook.,Rubus nivalis,,CA,,British Columbia,PRESENT,,28eb1a3f-1c15-4a95-931a-4af90ecb574d,49.570663,-125.625873,,,,,,,2021-08-11T11:31:00,11,8,2021,2998283,2998283,HUMAN_OBSERVATION,iNaturalist,Observations,90926341,,kkuzmawells,2021-08-12T20:26:18,CC_BY_NC_4_0,kkuzmawells,kkuzmawells,,,2023-02-13T16:05:12.234Z,StillImage,COORDINATE_ROUNDED;CONTINENT_DERIVED_FROM_COORDINATES
3337581818,50c9509d-22c7-4a22-a47d-8c48425ef4a7,https://www.inaturalist.org/observations/90348699,Plantae,Tracheophyta,Magnoliopsida,Rosales,Rosaceae,Rubus,Rubus nivalis,,SPECIES,Rubus nivalis Douglas ex Hook.,Rubus nivalis,,CA,,British Columbia,PRESENT,,28eb1a3f-1c15-4a95-931a-4af90ecb574d,49.570208,-125.629806,12,,,,,,2021-07-02T10:29:00,2,7,2021,2998283,2998283,HUMAN_OBSERVATION,iNaturalist,Observations,90348699,,trientalid,2021-08-08T03:16:18,CC_BY_NC_4_0,trientalid,trientalid,,,2023-02-13T16:14:08.693Z,StillImage,COORDINATE_ROUNDED;CONTINENT_DERIVED_FROM_COORDINATES
3333295703,50c9509d-22c7-4a22-a47d-8c48425ef4a7,https://www.inaturalist.org/observations/88308845,Plantae,Tracheophyta,Magnoliopsida,Rosales,Rosaceae,Rubus,Rubus nivalis,,SPECIES,Rubus nivalis Douglas ex Hook.,Rubus nivalis,,US,,Oregon,PRESENT,,28eb1a3f-1c15-4a95-931a-4af90ecb574d,43.809022,-122.705733,4,,,,,,2021-07-22T07:46:00,22,7,2021,2998283,2998283,HUMAN_OBSERVATION,iNaturalist,Observations,88308845,,Noah Strycker,2021-07-23T21:13:11,CC_BY_NC_4_0,Noah Strycker,Noah Strycker,,,2023-02-13T16:04:24.717Z,StillImage,COORDINATE_ROUNDED;CONTINENT_DERIVED_FROM_COORDINATES
3330864358,50c9509d-22c7-4a22-a47d-8c48425ef4a7,https://www.inaturalist.org/observations/87957522,Plantae,Tracheophyta,Magnoliopsida,Rosales,Rosaceae,Rubus,Rubus nivalis,,SPECIES,Rubus nivalis Douglas ex Hook.,Rubus nivalis,,US,,Oregon,PRESENT,,28eb1a3f-1c15-4a95-931a-4af90ecb574d,43.489981,-122.261836,,,,,,,2021-07-20T11:27:06,20,7,2021,2998283,2998283,HUMAN_OBSERVATION,iNaturalist,Observations,87957522,,Hilary Rose Dawson,2021-07-22T12:50:32,CC_BY_NC_4_0,lohump,lohump,,,2023-02-13T16:04:43.550Z,StillImage,COORDINATE_ROUNDED;CONTINENT_DERIVED_FROM_COORDINATES
3330483403,50c9509d-22c7-4a22-a47d-8c48425ef4a7,https://www.inaturalist.org/observations/73706876,Plantae,Tracheophyta,Magnoliopsida,Rosales,Rosaceae,Rubus,Rubus nivalis,,SPECIES,Rubus nivalis Douglas ex Hook.,Rubus nivalis,,US,,Oregon,PRESENT,,28eb1a3f-1c15-4a95-931a-4af90ecb574d,43.481445,-122.253303,10,,,,,,2021-04-11T16:42:20,11,4,2021,2998283,2998283,HUMAN_OBSERVATION,iNaturalist,Observations,73706876,,Hilary Rose Dawson,2021-07-18T16:52:07,CC_BY_4_0,Hilary Rose Dawson,Hilary Rose Dawson,,,2023-02-13T16:03:28.470Z,StillImage,COORDINATE_ROUNDED;CONTINENT_DERIVED_FROM_COORDINATES
3330481119,50c9509d-22c7-4a22-a47d-8c48425ef4a7,https://www.inaturalist.org/observations/87677631,Plantae,Tracheophyta,Magnoliopsida,Rosales,Rosaceae,Rubus,Rubus nivalis,,SPECIES,Rubus nivalis Douglas ex Hook.,Rubus nivalis,,US,,Washington,PRESENT,,28eb1a3f-1c15-4a95-931a-4af90ecb574d,48.035894,-123.434118,9,,,,,,2021-07-17T08:59:05,17,7,2021,2998283,2998283,HUMAN_OBSERVATION,iNaturalist,Observations,87677631,,Zach Hawn,2021-07-19T05:48:26,CC_BY_NC_4_0,Zach Hawn,Zach Hawn,,,2023-02-13T16:13:01.114Z,StillImage,COORDINATE_ROUNDED;CONTINENT_DERIVED_FROM_COORDINATES
3327718569,50c9509d-22c7-4a22-a47d-8c48425ef4a7,https://www.inaturalist.org/observations/85586607,Plantae,Tracheophyta,Magnoliopsida,Rosales,Rosaceae,Rubus,Rubus nivalis,,SPECIES,Rubus nivalis Douglas ex Hook.,Rubus nivalis,,US,,Idaho,PRESENT,,28eb1a3f-1c15-4a95-931a-4af90ecb574d,46.807034,-115.632147,31,,,,,,2021-06-28T00:00:00,28,6,2021,2998283,2998283,HUMAN_OBSERVATION,iNaturalist,Observations,85586607,,mhays,2021-07-04T08:04:38,CC_BY_NC_4_0,mhays,mhays,,,2023-02-13T16:12:12.451Z,StillImage,COORDINATE_ROUNDED;CONTINENT_DERIVED_FROM_COORDINATES
3325484713,50c9509d-22c7-4a22-a47d-8c48425ef4a7,https://www.inaturalist.org/observations/85410738,Plantae,Tracheophyta,Magnoliopsida,Rosales,Rosaceae,Rubus,Rubus nivalis,,SPECIES,Rubus nivalis Douglas ex Hook.,Rubus nivalis,,US,,Oregon,PRESENT,,28eb1a3f-1c15-4a95-931a-4af90ecb574d,43.832149,-122.33816,,,,,,,2021-07-02T14:23:21,2,7,2021,2998283,2998283,HUMAN_OBSERVATION,iNaturalist,Observations,85410738,,Matt Reala,2021-07-03T07:24:53,CC_BY_NC_4_0,Merlla McLaughlin,Merlla McLaughlin,,,2023-02-13T16:04:09.605Z,StillImage,COORDINATE_ROUNDED;CONTINENT_DERIVED_FROM_COORDINATES
3321174444,50c9509d-22c7-4a22-a47d-8c48425ef4a7,https://www.inaturalist.org/observations/85156105,Plantae,Tracheophyta,Magnoliopsida,Rosales,Rosaceae,Rubus,Rubus nivalis,,SPECIES,Rubus nivalis Douglas ex Hook.,Rubus nivalis,,US,,Oregon,PRESENT,,28eb1a3f-1c15-4a95-931a-4af90ecb574d,44.20393,-122.239457,3,,,,,,2021-06-30T13:48:48,30,6,2021,2998283,2998283,HUMAN_OBSERVATION,iNaturalist,Observations,85156105,,Matt Reala,2021-07-01T06:49:24,CC_BY_NC_4_0,Kyle Stark,Kyle Stark,,,2023-02-13T16:04:45.509Z,StillImage,COORDINATE_ROUNDED;CONTINENT_DERIVED_FROM_COORDINATES
3302262539,50c9509d-22c7-4a22-a47d-8c48425ef4a7,https://www.inaturalist.org/observations/76842896,Plantae,Tracheophyta,Magnoliopsida,Rosales,Rosaceae,Rubus,Rubus nivalis,,SPECIES,Rubus nivalis Douglas ex Hook.,Rubus nivalis,,US,,Washington,PRESENT,,28eb1a3f-1c15-4a95-931a-4af90ecb574d,46.774051,-121.879226,,,,,,,2021-05-02T11:48:56,2,5,2021,2998283,2998283,HUMAN_OBSERVATION,iNaturalist,Observations,76842896,,Alex Wright,2021-05-04T20:16:09,CC_BY_NC_4_0,Brandon Hawn,Brandon Hawn,,,2023-02-13T16:12:03.765Z,StillImage,COORDINATE_ROUNDED;CONTINENT_DERIVED_FROM_COORDINATES
3097302444,50c9509d-22c7-4a22-a47d-8c48425ef4a7,https://www.inaturalist.org/observations/61990863,Plantae,Tracheophyta,Magnoliopsida,Rosales,Rosaceae,Rubus,Rubus nivalis,,SPECIES,Rubus nivalis Douglas ex Hook.,Rubus nivalis,,US,,Washington,PRESENT,,28eb1a3f-1c15-4a95-931a-4af90ecb574d,48.898399,-121.653192,19,,,,,,2020-10-07T12:45:57,7,10,2020,2998283,2998283,HUMAN_OBSERVATION,iNaturalist,Observations,61990863,,T. Abe Lloyd,2020-10-07T23:39:36,CC_BY_NC_4_0,T. Abe Lloyd,T. Abe Lloyd,,,2023-02-13T16:11:45.665Z,StillImage,COORDINATE_ROUNDED;CONTINENT_DERIVED_FROM_COORDINATES
3097258440,50c9509d-22c7-4a22-a47d-8c48425ef4a7,https://www.inaturalist.org/observations/57513282,Plantae,Tracheophyta,Magnoliopsida,Rosales,Rosaceae,Rubus,Rubus nivalis,,SPECIES,Rubus nivalis Douglas ex Hook.,Rubus nivalis,,US,,Washington,PRESENT,,28eb1a3f-1c15-4a95-931a-4af90ecb574d,48.729551,-121.932781,235,,,,,,2020-08-24T09:50:25,24,8,2020,2998283,2998283,HUMAN_OBSERVATION,iNaturalist,Observations,57513282,,T. Abe Lloyd,2020-08-25T03:55:29,CC_BY_NC_4_0,T. Abe Lloyd,T. Abe Lloyd,,,2023-02-13T16:11:07.122Z,StillImage,COORDINATE_ROUNDED;CONTINENT_DERIVED_FROM_COORDINATES
3097061458,50c9509d-22c7-4a22-a47d-8c48425ef4a7,https://www.inaturalist.org/observations/63803170,Plantae,Tracheophyta,Magnoliopsida,Rosales,Rosaceae,Rubus,Rubus nivalis,,SPECIES,Rubus nivalis Douglas ex Hook.,Rubus nivalis,,US,,Washington,PRESENT,,28eb1a3f-1c15-4a95-931a-4af90ecb574d,48.722617,-121.92939,61,,,,,,2015-10-14T14:01:00,14,10,2015,2998283,2998283,HUMAN_OBSERVATION,iNaturalist,Observations,63803170,,T. Abe Lloyd,2020-10-30T03:50:21,CC_BY_NC_4_0,T. Abe Lloyd,T. Abe Lloyd,,,2023-02-13T16:11:45.559Z,StillImage,COORDINATE_ROUNDED;CONTINENT_DERIVED_FROM_COORDINATES
3090881760,50c9509d-22c7-4a22-a47d-8c48425ef4a7,https://www.inaturalist.org/observations/73846856,Plantae,Tracheophyta,Magnoliopsida,Rosales,Rosaceae,Rubus,Rubus nivalis,,SPECIES,Rubus nivalis Douglas ex Hook.,Rubus nivalis,,US,,Oregon,PRESENT,,28eb1a3f-1c15-4a95-931a-4af90ecb574d,42.713411,-123.972003,5,,,,,,2021-04-11T14:30:28,11,4,2021,2998283,2998283,HUMAN_OBSERVATION,iNaturalist,Observations,73846856,,suziesavoie,2021-04-13T15:22:29,CC_BY_NC_4_0,suziesavoie,suziesavoie,,,2023-02-13T16:12:17.159Z,StillImage,COORDINATE_ROUNDED;CONTINENT_DERIVED_FROM_COORDINATES
3067788138,50c9509d-22c7-4a22-a47d-8c48425ef4a7,https://www.inaturalist.org/observations/57883005,Plantae,Tracheophyta,Magnoliopsida,Rosales,Rosaceae,Rubus,Rubus nivalis,,SPECIES,Rubus nivalis Douglas ex Hook.,Rubus nivalis,,US,,Washington,PRESENT,,28eb1a3f-1c15-4a95-931a-4af90ecb574d,46.737106,-121.563785,357,,,,,,2020-08-28T10:31:44,28,8,2020,2998283,2998283,HUMAN_OBSERVATION,iNaturalist,Observations,57883005,,Bryce Silver-Bates,2020-08-29T01:15:21,CC_BY_NC_4_0,Bryce Silver-Bates,Bryce Silver-Bates,,,2023-02-13T16:02:26.623Z,StillImage,COORDINATE_ROUNDED;CONTINENT_DERIVED_FROM_COORDINATES
3031889194,50c9509d-22c7-4a22-a47d-8c48425ef4a7,https://www.inaturalist.org/observations/67753945,Plantae,Tracheophyta,Magnoliopsida,Rosales,Rosaceae,Rubus,Rubus nivalis,,SPECIES,Rubus nivalis Douglas ex Hook.,Rubus nivalis,,US,,Washington,PRESENT,,28eb1a3f-1c15-4a95-931a-4af90ecb574d,48.630637,-122.390352,,,,,,,2019-05-11T11:40:00,11,5,2019,2998283,2998283,HUMAN_OBSERVATION,iNaturalist,Observations,67753945,,T. Abe Lloyd,2021-01-08T17:20:20,CC_BY_NC_4_0,T. Abe Lloyd,T. Abe Lloyd,,,2023-02-13T16:03:11.631Z,StillImage,COORDINATE_ROUNDED;CONTINENT_DERIVED_FROM_COORDINATES
3031577228,50c9509d-22c7-4a22-a47d-8c48425ef4a7,https://www.inaturalist.org/observations/67755317,Plantae,Tracheophyta,Magnoliopsida,Rosales,Rosaceae,Rubus,Rubus nivalis,,SPECIES,Rubus nivalis Douglas ex Hook.,Rubus nivalis,,US,,Washington,PRESENT,,28eb1a3f-1c15-4a95-931a-4af90ecb574d,48.630839,-122.393648,82,,,,,,2019-05-24T09:48:00,24,5,2019,2998283,2998283,HUMAN_OBSERVATION,iNaturalist,Observations,67755317,,T. Abe Lloyd,2021-01-08T18:01:01,CC_BY_NC_4_0,T. Abe Lloyd,T. Abe Lloyd,,,2023-02-13T16:03:12.074Z,StillImage,COORDINATE_ROUNDED;CONTINENT_DERIVED_FROM_COORDINATES
3013864934,50c9509d-22c7-4a22-a47d-8c48425ef4a7,https://www.inaturalist.org/observations/67171331,Plantae,Tracheophyta,Magnoliopsida,Rosales,Rosaceae,Rubus,Rubus nivalis,,SPECIES,Rubus nivalis Douglas ex Hook.,Rubus nivalis,,US,,Oregon,PRESENT,,28eb1a3f-1c15-4a95-931a-4af90ecb574d,43.80048,-122.707183,10,,,,,,2020-12-27T15:23:13,27,12,2020,2998283,2998283,HUMAN_OBSERVATION,iNaturalist,Observations,67171331,,Bruce Newhouse,2020-12-29T06:54:14,CC_BY_4_0,Hilary Rose Dawson,Hilary Rose Dawson,,,2023-02-13T16:11:24.789Z,StillImage,COORDINATE_ROUNDED;CONTINENT_DERIVED_FROM_COORDINATES
3008549483,50c9509d-22c7-4a22-a47d-8c48425ef4a7,https://www.inaturalist.org/observations/61730450,Plantae,Tracheophyta,Magnoliopsida,Rosales,Rosaceae,Rubus,Rubus nivalis,,SPECIES,Rubus nivalis Douglas ex Hook.,Rubus nivalis,,CA,,British Columbia,PRESENT,,28eb1a3f-1c15-4a95-931a-4af90ecb574d,49.288781,-122.518228,4,,,,,,2020-10-04T08:35:00,4,10,2020,2998283,2998283,HUMAN_OBSERVATION,iNaturalist,Observations,61730450,,John D Reynolds,2020-10-04T23:21:00,CC_BY_NC_4_0,John D Reynolds,John D Reynolds,,,2023-02-13T16:11:30.091Z,StillImage,COORDINATE_ROUNDED;CONTINENT_DERIVED_FROM_COORDINATES
3008425439,50c9509d-22c7-4a22-a47d-8c48425ef4a7,https://www.inaturalist.org/observations/58788697,Plantae,Tracheophyta,Magnoliopsida,Rosales,Rosaceae,Rubus,Rubus nivalis,,SPECIES,Rubus nivalis Douglas ex Hook.,Rubus nivalis,,CA,,British Columbia,PRESENT,,28eb1a3f-1c15-4a95-931a-4af90ecb574d,49.95913,-124.381033,,,,,,,2020-09-04T16:40:00,4,9,2020,2998283,2998283,HUMAN_OBSERVATION,iNaturalist,Observations,58788697,,citizen1,2020-09-07T00:27:44,CC_BY_NC_4_0,citizen1,citizen1,,,2023-02-13T16:11:05.204Z,StillImage,COORDINATE_ROUNDED;CONTINENT_DERIVED_FROM_COORDINATES
2992805401,50c9509d-22c7-4a22-a47d-8c48425ef4a7,https://www.inaturalist.org/observations/34234864,Plantae,Tracheophyta,Magnoliopsida,Rosales,Rosaceae,Rubus,Rubus nivalis,,SPECIES,Rubus nivalis Douglas ex Hook.,Rubus nivalis,,US,,Washington,PRESENT,,28eb1a3f-1c15-4a95-931a-4af90ecb574d,47.606632,-123.159103,,,,,,,2019-10-10T12:22:56,10,10,2019,2998283,2998283,HUMAN_OBSERVATION,iNaturalist,Observations,34234864,,John A Haskins,2019-10-12T05:42:06,CC_BY_4_0,John A Haskins,John A Haskins,,,2023-02-13T16:01:27.990Z,StillImage,COORDINATE_ROUNDED;CONTINENT_DERIVED_FROM_COORDINATES
2988272556,50c9509d-22c7-4a22-a47d-8c48425ef4a7,https://www.inaturalist.org/observations/53908992,Plantae,Tracheophyta,Magnoliopsida,Rosales,Rosaceae,Rubus,Rubus nivalis,,SPECIES,Rubus nivalis Douglas ex Hook.,Rubus nivalis,,US,,Idaho,PRESENT,,28eb1a3f-1c15-4a95-931a-4af90ecb574d,46.736719,-116.252477,15,,,,,,2020-07-15T00:00:00,15,7,2020,2998283,2998283,HUMAN_OBSERVATION,iNaturalist,Observations,53908992,,mhays,2020-07-22T02:23:19,CC_BY_NC_4_0,mhays,mhays,,,2023-02-13T16:10:28.243Z,StillImage,COORDINATE_ROUNDED;CONTINENT_DERIVED_FROM_COORDINATES
2982073144,6958627a-e1cd-489f-b4f3-6e7760203b9d,11f6a1f9-a78c-4ee1-b331-126b297d2a14,Plantae,Tracheophyta,Magnoliopsida,Rosales,Rosaceae,Rubus,Rubus nivalis,,SPECIES,Rubus nivalis Douglas ex Hook.,Rubus nivalis,Douglas ex Hook.,US,W of Page Mtn. on FS Rd. 4808,Oregon,PRESENT,,c10e9f64-38b0-4cb9-98d3-92b82cb7256a,42.013953,-123.577965,,,1280,,,,2007-06-16T00:00:00,16,6,2007,2998283,2998283,PRESERVED_SPECIMEN,HSC,,HSC228751,763,,,CC_BY_NC_4_0,,M. Mesler,,,2023-02-01T17:18:16.923Z,StillImage,COORDINATE_ROUNDED;GEODETIC_DATUM_ASSUMED_WGS84;CONTINENT_DERIVED_FROM_COORDINATES;INSTITUTION_MATCH_FUZZY
2982039134,6958627a-e1cd-489f-b4f3-6e7760203b9d,9aabdfa9-fb97-4313-a79d-da3f2585d77a,Plantae,Tracheophyta,Magnoliopsida,Rosales,Rosaceae,Rubus,Rubus nivalis,,SPECIES,Rubus nivalis Douglas ex Hook.,Rubus nivalis,Douglas ex Hook.,US,Six Rivers National Forest,,,,,,,,,,,,,,,,,,,,,,,,,,,,,,,,,
2982031092,6958627a-e1cd-489f-b4f3-6e7760203b9d,52a0f4bc-a25c-47d2-a166-2d9de08320b5,Plantae,Tracheophyta,Magnoliopsida,Rosales,Rosaceae,Rubus,Rubus nivalis,,SPECIES,Rubus nivalis Douglas ex Hook.,Rubus nivalis,Douglas ex Hook.,US,Dunn Creek,Oregon,PRESENT,,c10e9f64-38b0-4cb9-98d3-92b82cb7256a,42.003655,-123.626121,,,,,,,,,,,2998283,2998283,PRESERVED_SPECIMEN,HSC,,HSC228752,sn,Lawrence A. Alice,2005-01-01T00:00:00,CC_BY_NC_4_0,,Al Hobart,,,2023-02-01T17:17:58.410Z,StillImage,COORDINATE_ROUNDED;GEODETIC_DATUM_ASSUMED_WGS84;CONTINENT_DERIVED_FROM_COORDINATES;INSTITUTION_MATCH_FUZZY
2883043397,50c9509d-22c7-4a22-a47d-8c48425ef4a7,https://www.inaturalist.org/observations/50228973,Plantae,Tracheophyta,Magnoliopsida,Rosales,Rosaceae,Rubus,Rubus nivalis,,SPECIES,Rubus nivalis Douglas ex Hook.,Rubus nivalis,,US,,Oregon,PRESENT,,28eb1a3f-1c15-4a95-931a-4af90ecb574d,42.095997,-123.405517,10,,,,,,2020-06-19T13:34:06,19,6,2020,2998283,2998283,HUMAN_OBSERVATION,iNaturalist,Observations,50228973,,maureen-j-jules,2020-06-20T04:41:46,CC_BY_NC_4_0,maureen-j-jules,maureen-j-jules,,,2023-02-13T16:10:32.368Z,StillImage,COORDINATE_ROUNDED;CONTINENT_DERIVED_FROM_COORDINATES
2826373841,50c9509d-22c7-4a22-a47d-8c48425ef4a7,https://www.inaturalist.org/observations/54169402,Plantae,Tracheophyta,Magnoliopsida,Rosales,Rosaceae,Rubus,Rubus nivalis,,SPECIES,Rubus nivalis Douglas ex Hook.,Rubus nivalis,,CA,,British Columbia,PRESENT,,28eb1a3f-1c15-4a95-931a-4af90ecb574d,49.575928,-125.612786,8,,,,,,2020-07-22T09:47:00,22,7,2020,2998283,2998283,HUMAN_OBSERVATION,iNaturalist,Observations,54169402,,trientalid,2020-07-24T16:05:05,CC_BY_NC_4_0,trientalid,trientalid,,,2023-02-13T16:10:50.232Z,StillImage,COORDINATE_ROUNDED;CONTINENT_DERIVED_FROM_COORDINATES
2823159942,50c9509d-22c7-4a22-a47d-8c48425ef4a7,https://www.inaturalist.org/observations/53563032,Plantae,Tracheophyta,Magnoliopsida,Rosales,Rosaceae,Rubus,Rubus nivalis,,SPECIES,Rubus nivalis Douglas ex Hook.,Rubus nivalis,,CA,,British Columbia,PRESENT,,28eb1a3f-1c15-4a95-931a-4af90ecb574d,49.570325,-125.630097,31,,,,,,2017-09-23T13:26:00,23,9,2017,2998283,2998283,HUMAN_OBSERVATION,iNaturalist,Observations,53563032,,trientalid,2020-07-19T05:01:05,CC_BY_NC_4_0,trientalid,trientalid,,,2023-02-13T16:02:16.026Z,StillImage,COORDINATE_ROUNDED;CONTINENT_DERIVED_FROM_COORDINATES
2814321628,50c9509d-22c7-4a22-a47d-8c48425ef4a7,https://www.inaturalist.org/observations/51660102,Plantae,Tracheophyta,Magnoliopsida,Rosales,Rosaceae,Rubus,Rubus nivalis,,SPECIES,Rubus nivalis Douglas ex Hook.,Rubus nivalis,,CA,,British Columbia,PRESENT,,28eb1a3f-1c15-4a95-931a-4af90ecb574d,49.575967,-125.612747,22,,,,,,2020-06-27T15:33:48,27,6,2020,2998283,2998283,HUMAN_OBSERVATION,iNaturalist,Observations,51660102,,kaiden,2020-07-02T03:33:10,CC_BY_NC_4_0,kaiden,kaiden,,,2023-02-13T16:10:22.425Z,StillImage,COORDINATE_ROUNDED;CONTINENT_DERIVED_FROM_COORDINATES
2641398808,50c9509d-22c7-4a22-a47d-8c48425ef4a7,https://www.inaturalist.org/observations/48608847,Plantae,Tracheophyta,Magnoliopsida,Rosales,Rosaceae,Rubus,Rubus nivalis,,SPECIES,Rubus nivalis Douglas ex Hook.,Rubus nivalis,,CA,,British Columbia,PRESENT,,28eb1a3f-1c15-4a95-931a-4af90ecb574d,50.136811,-117.559157,56,,,,,,2020-06-05T11:46:22,5,6,2020,2998283,2998283,HUMAN_OBSERVATION,iNaturalist,Observations,48608847,,Ryan Durand,2020-06-06T02:18:29,CC_BY_4_0,Ryan Durand,Ryan Durand,,,2023-02-13T16:02:02.948Z,StillImage,COORDINATE_ROUNDED;CONTINENT_DERIVED_FROM_COORDINATES
2641320052,50c9509d-22c7-4a22-a47d-8c48425ef4a7,https://www.inaturalist.org/observations/48805716,Plantae,Tracheophyta,Magnoliopsida,Rosales,Rosaceae,Rubus,Rubus nivalis,,SPECIES,Rubus nivalis Douglas ex Hook.,Rubus nivalis,,US,,Oregon,PRESENT,,28eb1a3f-1c15-4a95-931a-4af90ecb574d,44.171275,-121.898959,,,,,,,2020-06-04T15:37:43,4,6,2020,2998283,2998283,HUMAN_OBSERVATION,iNaturalist,Observations,48805716,,Connor,2020-06-07T17:37:45,CC_BY_NC_4_0,Connor,Connor,,,2023-02-13T16:02:01.057Z,StillImage,COORDINATE_ROUNDED;CONTINENT_DERIVED_FROM_COORDINATES
2626527627,50c9509d-22c7-4a22-a47d-8c48425ef4a7,https://www.inaturalist.org/observations/46669757,Plantae,Tracheophyta,Magnoliopsida,Rosales,Rosaceae,Rubus,Rubus nivalis,,SPECIES,Rubus nivalis Douglas ex Hook.,Rubus nivalis,,CA,,British Columbia,PRESENT,,28eb1a3f-1c15-4a95-931a-4af90ecb574d,50.140806,-117.534653,1972,,,,,,2020-05-20T14:26:43,20,5,2020,2998283,2998283,HUMAN_OBSERVATION,iNaturalist,Observations,46669757,,Ryan Durand,2020-05-21T00:29:00,CC_BY_4_0,Ryan Durand,Ryan Durand,,,2023-02-13T16:01:58.685Z,StillImage,COORDINATE_ROUNDED;CONTINENT_DERIVED_FROM_COORDINATES
2596315822,50c9509d-22c7-4a22-a47d-8c48425ef4a7,https://www.inaturalist.org/observations/40574038,Plantae,Tracheophyta,Magnoliopsida,Rosales,Rosaceae,Rubus,Rubus nivalis,,SPECIES,Rubus nivalis Douglas ex Hook.,Rubus nivalis,,US,,Washington,PRESENT,,28eb1a3f-1c15-4a95-931a-4af90ecb574d,48.043683,-123.60167,,,,,,,2020-03-22T10:29:00,22,3,2020,2998283,2998283,HUMAN_OBSERVATION,iNaturalist,Observations,40574038,,T. Abe Lloyd,2020-03-23T05:57:29,CC_BY_NC_4_0,T. Abe Lloyd,T. Abe Lloyd,,,2023-02-13T16:10:03.900Z,StillImage,COORDINATE_ROUNDED;CONTINENT_DERIVED_FROM_COORDINATES
2596311775,50c9509d-22c7-4a22-a47d-8c48425ef4a7,https://www.inaturalist.org/observations/40574039,Plantae,Tracheophyta,Magnoliopsida,Rosales,Rosaceae,Rubus,Rubus nivalis,,SPECIES,Rubus nivalis Douglas ex Hook.,Rubus nivalis,,US,,Washington,PRESENT,,28eb1a3f-1c15-4a95-931a-4af90ecb574d,48.037622,-123.602543,,,,,,,2020-03-22T10:33:00,22,3,2020,2998283,2998283,HUMAN_OBSERVATION,iNaturalist,Observations,40574039,,T. Abe Lloyd,2020-03-23T05:57:29,CC_BY_NC_4_0,T. Abe Lloyd,T. Abe Lloyd,,,2023-02-13T16:10:21.884Z,StillImage,COORDINATE_ROUNDED;CONTINENT_DERIVED_FROM_COORDINATES
2596078581,50c9509d-22c7-4a22-a47d-8c48425ef4a7,https://www.inaturalist.org/observations/40574007,Plantae,Tracheophyta,Magnoliopsida,Rosales,Rosaceae,Rubus,Rubus nivalis,,SPECIES,Rubus nivalis Douglas ex Hook.,Rubus nivalis,,US,,Washington,PRESENT,,28eb1a3f-1c15-4a95-931a-4af90ecb574d,48.04032,-123.601827,,,,,,,2020-03-22T15:05:00,22,3,2020,2998283,2998283,HUMAN_OBSERVATION,iNaturalist,Observations,40574007,,T. Abe Lloyd,2020-03-23T05:57:01,CC_BY_NC_4_0,T. Abe Lloyd,T. Abe Lloyd,,,2023-02-13T16:10:00.450Z,StillImage,COORDINATE_ROUNDED;CONTINENT_DERIVED_FROM_COORDINATES
2595836091,7a0fb075-53c5-470b-a1c9-579bb3147ddf,069fcb88-5214-4b59-9260-2b1ef95dfd1c,Plantae,Tracheophyta,Magnoliopsida,Rosales,Rosaceae,Rubus,Rubus nivalis,,SPECIES,Rubus nivalis Douglas ex Hook.,Rubus nivalis,Douglas ex Hook.,US,beginning of rightmost trail into upper campus behind Science Hill,California,PRESENT,,f753171f-d38a-44fd-af85-40818746b336,37.018664,-122.189437,4,,265,,,,2020-02-04T00:00:00,4,2,2020,2998283,2998283,PRESERVED_SPECIMEN,UCSC,,,WADA 06,,,CC_BY_NC_4_0,,Amelie Desmarchelier,,,,,
2576481244,50c9509d-22c7-4a22-a47d-8c48425ef4a7,https://www.inaturalist.org/observations/39583807,Plantae,Tracheophyta,Magnoliopsida,Rosales,Rosaceae,Rubus,Rubus nivalis,,SPECIES,Rubus nivalis Douglas ex Hook.,Rubus nivalis,,US,,Washington,PRESENT,,28eb1a3f-1c15-4a95-931a-4af90ecb574d,47.03361,-121.528653,26903,,,,,,2019-06-09T17:36:00,9,6,2019,2998283,2998283,HUMAN_OBSERVATION,iNaturalist,Observations,39583807,,Alex Wright,2020-03-05T20:43:40,CC_BY_NC_4_0,Alex Wright,Alex Wright,,,2023-02-13T16:01:41.940Z,StillImage,COORDINATE_ROUNDED;CONTINENT_DERIVED_FROM_COORDINATES
2540905946,50c9509d-22c7-4a22-a47d-8c48425ef4a7,https://www.inaturalist.org/observations/36303568,Plantae,Tracheophyta,Magnoliopsida,Rosales,Rosaceae,Rubus,Rubus nivalis,,SPECIES,Rubus nivalis Douglas ex Hook.,Rubus nivalis,,US,,Idaho,PRESENT,,28eb1a3f-1c15-4a95-931a-4af90ecb574d,46.218127,-115.728954,15,,,,,,2019-05-23T00:00:00,23,5,2019,2998283,2998283,HUMAN_OBSERVATION,iNaturalist,Observations,36303568,,mhays,2019-12-03T00:23:48,CC_BY_NC_4_0,mhays,mhays,,,2023-02-13T16:09:52.920Z,StillImage,COORDINATE_ROUNDED;CONTINENT_DERIVED_FROM_COORDINATES
2456570538,50c9509d-22c7-4a22-a47d-8c48425ef4a7,https://www.inaturalist.org/observations/35617827,Plantae,Tracheophyta,Magnoliopsida,Rosales,Rosaceae,Rubus,Rubus nivalis,,SPECIES,Rubus nivalis Douglas ex Hook.,Rubus nivalis,,US,,Washington,PRESENT,,28eb1a3f-1c15-4a95-931a-4af90ecb574d,47.607605,-123.159211,13,,,,,,2019-11-11T11:00:57,11,11,2019,2998283,2998283,HUMAN_OBSERVATION,iNaturalist,Observations,35617827,,Christina Woolf,2019-11-12T19:29:57,CC_BY_NC_4_0,Christina Woolf,Christina Woolf,,,2023-02-13T16:09:45.816Z,StillImage,COORDINATE_ROUNDED;CONTINENT_DERIVED_FROM_COORDINATES
2422996760,50c9509d-22c7-4a22-a47d-8c48425ef4a7,https://www.inaturalist.org/observations/32452926,Plantae,Tracheophyta,Magnoliopsida,Rosales,Rosaceae,Rubus,Rubus nivalis,,SPECIES,Rubus nivalis Douglas ex Hook.,Rubus nivalis,,CA,,British Columbia,PRESENT,,28eb1a3f-1c15-4a95-931a-4af90ecb574d,50.144167,-117.793056,,,,,,,2019-09-09T14:49:00,9,9,2019,2998283,2998283,HUMAN_OBSERVATION,iNaturalist,Observations,32452926,,Tyson Ehlers,2019-09-10T04:39:48,CC_BY_NC_4_0,Tyson Ehlers,Tyson Ehlers,,,2023-02-13T16:10:01.610Z,StillImage,COORDINATE_ROUNDED;CONTINENT_DERIVED_FROM_COORDINATES
2422867659,50c9509d-22c7-4a22-a47d-8c48425ef4a7,https://www.inaturalist.org/observations/30014273,Plantae,Tracheophyta,Magnoliopsida,Rosales,Rosaceae,Rubus,Rubus nivalis,,SPECIES,Rubus nivalis Douglas ex Hook.,Rubus nivalis,,US,,Oregon,PRESENT,,28eb1a3f-1c15-4a95-931a-4af90ecb574d,43.663075,-122.692247,1584,,,,,,2019-07-29T17:16:00,29,7,2019,2998283,2998283,HUMAN_OBSERVATION,iNaturalist,Observations,30014273,,Bruce Newhouse,2019-08-02T00:29:56,CC_BY_NC_4_0,Bruce Newhouse,Bruce Newhouse,,,2023-02-13T16:09:55.459Z,StillImage,COORDINATE_ROUNDED;CONTINENT_DERIVED_FROM_COORDINATES
2422848980,50c9509d-22c7-4a22-a47d-8c48425ef4a7,https://www.inaturalist.org/observations/26949927,Plantae,Tracheophyta,Magnoliopsida,Rosales,Rosaceae,Rubus,Rubus nivalis,,SPECIES,Rubus nivalis Douglas ex Hook.,Rubus nivalis,,US,,Oregon,PRESENT,,28eb1a3f-1c15-4a95-931a-4af90ecb574d,44.262955,-122.183822,25,,,,,,2019-06-13T15:57:41,13,6,2019,2998283,2998283,HUMAN_OBSERVATION,iNaturalist,Observations,26949927,,Matt Reala,2019-06-14T03:02:43,CC_BY_NC_4_0,Matt Reala,Matt Reala,,,2023-02-13T16:01:09.290Z,StillImage,COORDINATE_ROUNDED;CONTINENT_DERIVED_FROM_COORDINATES
2422848777,50c9509d-22c7-4a22-a47d-8c48425ef4a7,https://www.inaturalist.org/observations/26889823,Plantae,Tracheophyta,Magnoliopsida,Rosales,Rosaceae,Rubus,Rubus nivalis,,SPECIES,Rubus nivalis Douglas ex Hook.,Rubus nivalis,,US,,Washington,PRESENT,,28eb1a3f-1c15-4a95-931a-4af90ecb574d,47.781558,-123.05174,340,,,,,,2019-06-10T13:35:00,10,6,2019,2998283,2998283,HUMAN_OBSERVATION,iNaturalist,Observations,26889823,,Kurt Steinbach,2019-06-12T23:34:56,CC_BY_NC_4_0,Kurt Steinbach,Kurt Steinbach,,,2023-02-13T16:00:54.692Z,StillImage,COORDINATE_ROUNDED;CONTINENT_DERIVED_FROM_COORDINATES
2422841228,50c9509d-22c7-4a22-a47d-8c48425ef4a7,https://www.inaturalist.org/observations/24947064,Plantae,Tracheophyta,Magnoliopsida,Rosales,Rosaceae,Rubus,Rubus nivalis,,SPECIES,Rubus nivalis Douglas ex Hook.,Rubus nivalis,,US,,Washington,PRESENT,,28eb1a3f-1c15-4a95-931a-4af90ecb574d,48.631666,-122.391762,37,,,,,,2019-05-11T10:48:18,11,5,2019,2998283,2998283,HUMAN_OBSERVATION,iNaturalist,Observations,24947064,,T. Abe Lloyd,2019-05-12T04:34:06,CC_BY_NC_4_0,T. Abe Lloyd,T. Abe Lloyd,,,2023-02-13T16:00:44.774Z,StillImage,COORDINATE_ROUNDED;CONTINENT_DERIVED_FROM_COORDINATES
2422840987,50c9509d-22c7-4a22-a47d-8c48425ef4a7,https://www.inaturalist.org/observations/24872800,Plantae,Tracheophyta,Magnoliopsida,Rosales,Rosaceae,Rubus,Rubus nivalis,,SPECIES,Rubus nivalis Douglas ex Hook.,Rubus nivalis,,US,,Oregon,PRESENT,,28eb1a3f-1c15-4a95-931a-4af90ecb574d,44.213225,-122.254862,53,,,,,,2019-05-09T09:06:10,9,5,2019,2998283,2998283,HUMAN_OBSERVATION,iNaturalist,Observations,24872800,,Matt Reala,2019-05-10T04:44:06,CC_BY_NC_4_0,Matt Reala,Matt Reala,,,2023-02-13T16:09:43.895Z,StillImage,COORDINATE_ROUNDED;CONTINENT_DERIVED_FROM_COORDINATES
2350317174,50c9509d-22c7-4a22-a47d-8c48425ef4a7,https://www.inaturalist.org/observations/29036544,Plantae,Tracheophyta,Magnoliopsida,Rosales,Rosaceae,Rubus,Rubus nivalis,,SPECIES,Rubus nivalis Douglas ex Hook.,Rubus nivalis,,US,,Washington,PRESENT,,28eb1a3f-1c15-4a95-931a-4af90ecb574d,46.46487,-121.759659,,,,,,,2019-07-02T13:10:00,2,7,2019,2998283,2998283,HUMAN_OBSERVATION,iNaturalist,Observations,29036544,,Alex Wright,2019-08-16T23:05:19,CC_BY_NC_4_0,Christopher J. Earle,Christopher J. Earle,,,2023-02-13T16:01:02.723Z,StillImage,COORDINATE_ROUNDED;CONTINENT_DERIVED_FROM_COORDINATES
2242984172,50c9509d-22c7-4a22-a47d-8c48425ef4a7,https://www.inaturalist.org/observations/25097690,Plantae,Tracheophyta,Magnoliopsida,Rosales,Rosaceae,Rubus,Rubus nivalis,,SPECIES,Rubus nivalis Douglas ex Hook.,Rubus nivalis,,US,,Washington,PRESENT,,28eb1a3f-1c15-4a95-931a-4af90ecb574d,48.721787,-121.928397,311,,,,,,2015-10-14T14:01:00,14,10,2015,2998283,2998283,HUMAN_OBSERVATION,iNaturalist,Observations,25097690,,T. Abe Lloyd,2019-05-14T05:45:50,CC_BY_NC_4_0,T. Abe Lloyd,T. Abe Lloyd,,,2023-02-13T16:09:51.608Z,StillImage,CONTINENT_DERIVED_FROM_COORDINATES
2028509718,50c9509d-22c7-4a22-a47d-8c48425ef4a7,https://www.inaturalist.org/observations/21439346,Plantae,Tracheophyta,Magnoliopsida,Rosales,Rosaceae,Rubus,Rubus nivalis,,SPECIES,Rubus nivalis Douglas ex Hook.,Rubus nivalis,,CA,,British Columbia,PRESENT,,28eb1a3f-1c15-4a95-931a-4af90ecb574d,49.465072,-123.622222,5,,,,,,2018-05-22T13:01:57,22,5,2018,2998283,2998283,HUMAN_OBSERVATION,iNaturalist,Observations,21439346,,eacameron,2019-03-21T02:06:00,CC_BY_NC_4_0,eacameron,eacameron,,,2023-02-13T16:09:24.400Z,StillImage,COORDINATE_ROUNDED;CONTINENT_DERIVED_FROM_COORDINATES
1949630452,2d18c666-ee2b-40a3-a708-280ea19c0fbc,RBCM:Botany:V182133,Plantae,Tracheophyta,Magnoliopsida,Rosales,Rosaceae,Rubus,Rubus nivalis,,SPECIES,Rubus nivalis Douglas ex Hook.,Rubus nivalis Dougl. ex Hook.,Dougl. ex Hook.,CA,Myra Creek: trail along creek,British Columbia,PRESENT,1,cc6110c7-f75c-47c8-8931-f7dd3f324777,49.583333,-125.566667,,,500,,,,1987-10-11T00:00:00,11,10,1987,2998283,2998283,PRESERVED_SPECIMEN,RBCM,V,V182133,s.n.,Elizabeth Brooks,1987-01-01T00:00:00,CC_BY_4_0,Royal BC Museum,Elizabeth Brooks,,,2023-01-24T18:16:57.794Z,,COORDINATE_ROUNDED;GEODETIC_DATUM_ASSUMED_WGS84;OCCURRENCE_STATUS_INFERRED_FROM_INDIVIDUAL_COUNT;DIFFERENT_OWNER_INSTITUTION
1949603949,2d18c666-ee2b-40a3-a708-280ea19c0fbc,RBCM:Botany:V155131,Plantae,Tracheophyta,Magnoliopsida,Rosales,Rosaceae,Rubus,Rubus nivalis,,SPECIES,Rubus nivalis Douglas ex Hook.,Rubus nivalis Dougl. ex Hook.,Dougl. ex Hook.,CA,Vancouver Island; Jump Creek: near Nanaimo,British Columbia,PRESENT,1,cc6110c7-f75c-47c8-8931-f7dd3f324777,49.033333,-124.166667,,,,,,,1974-09-10T00:00:00,10,9,1974,2998283,2998283,PRESERVED_SPECIMEN,RBCM,V,V155131,X 1-6,Jenifer Penny,1993-01-22T00:00:00,CC_BY_4_0,Royal BC Museum,K. Kennedy,,,2023-01-24T18:16:32.088Z,,COORDINATE_ROUNDED;GEODETIC_DATUM_ASSUMED_WGS84;OCCURRENCE_STATUS_INFERRED_FROM_INDIVIDUAL_COUNT;DIFFERENT_OWNER_INSTITUTION
1949603802,2d18c666-ee2b-40a3-a708-280ea19c0fbc,RBCM:Botany:V155216,Plantae,Tracheophyta,Magnoliopsida,Rosales,Rosaceae,Rubus,Rubus nivalis,,SPECIES,Rubus nivalis Douglas ex Hook.,Rubus nivalis Dougl. ex Hook.,Dougl. ex Hook.,CA,Vancouver Island; Ramsay Creek: forest near Ramsay Creek,British Columbia,PRESENT,1,cc6110c7-f75c-47c8-8931-f7dd3f324777,49.65,-125.233333,,,,,,,1973-09-18T00:00:00,18,9,1973,2998283,2998283,PRESERVED_SPECIMEN,RBCM,V,V155216,s.n.,Jenifer Penny,1993-01-29T00:00:00,CC_BY_4_0,Royal BC Museum,Hans Roemer,,,2023-01-24T18:16:32.213Z,,COORDINATE_ROUNDED;GEODETIC_DATUM_ASSUMED_WGS84;OCCURRENCE_STATUS_INFERRED_FROM_INDIVIDUAL_COUNT;DIFFERENT_OWNER_INSTITUTION
1946347280,50c9509d-22c7-4a22-a47d-8c48425ef4a7,https://www.inaturalist.org/observations/18670078,Plantae,Tracheophyta,Magnoliopsida,Rosales,Rosaceae,Rubus,Rubus nivalis,,SPECIES,Rubus nivalis Douglas ex Hook.,Rubus nivalis,,US,,Washington,PRESENT,,28eb1a3f-1c15-4a95-931a-4af90ecb574d,47.087491,-121.449159,263,,,,,,2018-11-11T13:30:00,11,11,2018,2998283,2998283,HUMAN_OBSERVATION,iNaturalist,Observations,18670078,,Alex Wright,2018-11-28T04:56:14,CC_BY_NC_4_0,Brandon Hawn,Brandon Hawn,,,2023-02-13T16:00:30.238Z,StillImage,COORDINATE_ROUNDED;CONTINENT_DERIVED_FROM_COORDINATES
1913167491,50c9509d-22c7-4a22-a47d-8c48425ef4a7,https://www.inaturalist.org/observations/16343539,Plantae,Tracheophyta,Magnoliopsida,Rosales,Rosaceae,Rubus,Rubus nivalis,,SPECIES,Rubus nivalis Douglas ex Hook.,Rubus nivalis,,CA,,British Columbia,PRESENT,,28eb1a3f-1c15-4a95-931a-4af90ecb574d,49.32245,-122.83255,10,,,,,,2018-09-08T13:51:00,8,9,2018,2998283,2998283,HUMAN_OBSERVATION,iNaturalist,Observations,16343539,,Alex Wright,2018-09-09T03:23:56,CC_BY_NC_4_0,John D Reynolds,John D Reynolds,,,2023-02-13T16:00:27.981Z,StillImage,CONTINENT_DERIVED_FROM_COORDINATES
1898782973,50c9509d-22c7-4a22-a47d-8c48425ef4a7,https://www.inaturalist.org/observations/12629557,Plantae,Tracheophyta,Magnoliopsida,Rosales,Rosaceae,Rubus,Rubus nivalis,,SPECIES,Rubus nivalis Douglas ex Hook.,Rubus nivalis,,US,,Washington,PRESENT,,28eb1a3f-1c15-4a95-931a-4af90ecb574d,47.021064,-121.55745,32,,,,,,2018-05-19T17:55:52,19,5,2018,2998283,2998283,HUMAN_OBSERVATION,iNaturalist,Observations,12629557,,Christian Schwarz,2018-05-20T04:59:33,CC_BY_NC_4_0,Christian Schwarz,Christian Schwarz,,,2023-02-13T16:09:08.169Z,StillImage,COORDINATE_ROUNDED;CONTINENT_DERIVED_FROM_COORDINATES
1802645283,50c9509d-22c7-4a22-a47d-8c48425ef4a7,https://www.inaturalist.org/observations/8948959,Plantae,Tracheophyta,Magnoliopsida,Rosales,Rosaceae,Rubus,Rubus nivalis,,SPECIES,Rubus nivalis Douglas ex Hook.,Rubus nivalis,,CA,,British Columbia,PRESENT,,28eb1a3f-1c15-4a95-931a-4af90ecb574d,50.118762,-117.50659,61,,,,,,2017-10-02T15:35:00,2,10,2017,2998283,2998283,HUMAN_OBSERVATION,iNaturalist,Observations,8948959,,Tyson Ehlers,2017-11-27T02:27:13,CC_BY_NC_4_0,Tyson Ehlers,Tyson Ehlers,,,2023-02-13T16:00:09.293Z,StillImage,COORDINATE_ROUNDED;CONTINENT_DERIVED_FROM_COORDINATES
1802621017,50c9509d-22c7-4a22-a47d-8c48425ef4a7,https://www.inaturalist.org/observations/6409323,Plantae,Tracheophyta,Magnoliopsida,Rosales,Rosaceae,Rubus,Rubus nivalis,,SPECIES,Rubus nivalis Douglas ex Hook.,Rubus nivalis,,US,,Oregon,PRESENT,,28eb1a3f-1c15-4a95-931a-4af90ecb574d,42.097592,-123.406747,,,,,,,2017-05-28T14:18:21,28,5,2017,2998283,2998283,HUMAN_OBSERVATION,iNaturalist,Observations,6409323,,maureen-j-jules,2017-05-29T00:24:30,CC_BY_NC_4_0,maureen-j-jules,maureen-j-jules,,,2023-02-13T16:08:53.048Z,StillImage,COORDINATE_ROUNDED;CONTINENT_DERIVED_FROM_COORDINATES
1272083021,50c9509d-22c7-4a22-a47d-8c48425ef4a7,http://www.inaturalist.org/observations/3302433,Plantae,Tracheophyta,Magnoliopsida,Rosales,Rosaceae,Rubus,Rubus nivalis,,SPECIES,Rubus nivalis Douglas ex Hook.,Rubus nivalis,,US,,Washington,PRESENT,,28eb1a3f-1c15-4a95-931a-4af90ecb574d,48.037341,-123.429935,,,,,,,2016-05-21T10:28:27,21,5,2016,2998283,2998283,HUMAN_OBSERVATION,iNaturalist,Observations,3302433,,Patrick Loafman,2016-05-26T00:09:13,CC_BY_NC_4_0,Patrick Loafman,Patrick Loafman,,,2023-02-13T16:09:01.675Z,,COORDINATE_ROUNDED;CONTINENT_DERIVED_FROM_COORDINATES
1265603069,50c9509d-22c7-4a22-a47d-8c48425ef4a7,http://www.inaturalist.org/observations/338034,Plantae,Tracheophyta,Magnoliopsida,Rosales,Rosaceae,Rubus,Rubus nivalis,,SPECIES,Rubus nivalis Douglas ex Hook.,Rubus nivalis,,US,,Washington,PRESENT,,28eb1a3f-1c15-4a95-931a-4af90ecb574d,47.4466,-123.49575,,,,,,,2013-07-14T12:30:00,14,7,2013,2998283,2998283,HUMAN_OBSERVATION,iNaturalist,Observations,338034,,jimbelli,2013-07-19T03:43:13,CC_BY_NC_4_0,jimbelli,jimbelli,,,2023-02-13T16:08:40.561Z,StillImage,CONTINENT_DERIVED_FROM_COORDINATES
1265534248,50c9509d-22c7-4a22-a47d-8c48425ef4a7,http://www.inaturalist.org/observations/1940951,Plantae,Tracheophyta,Magnoliopsida,Rosales,Rosaceae,Rubus,Rubus nivalis,,SPECIES,Rubus nivalis Douglas ex Hook.,Rubus nivalis,,US,,Oregon,PRESENT,,28eb1a3f-1c15-4a95-931a-4af90ecb574d,45.634291,-123.366406,1517,,,,,,2015-09-12T11:33:42,12,9,2015,2998283,2998283,HUMAN_OBSERVATION,iNaturalist,Observations,1940951,,Lindsey K. Wise,2015-09-13T00:49:16,CC0_1_0,Lindsey K. Wise,Lindsey K. Wise,,,2023-02-13T16:08:44.339Z,StillImage,CONTINENT_DERIVED_FROM_COORDINATES
1265531632,50c9509d-22c7-4a22-a47d-8c48425ef4a7,http://www.inaturalist.org/observations/1191598,Plantae,Tracheophyta,Magnoliopsida,Rosales,Rosaceae,Rubus,Rubus nivalis,,SPECIES,Rubus nivalis Douglas ex Hook.,Rubus nivalis,,US,,Washington,PRESENT,,28eb1a3f-1c15-4a95-931a-4af90ecb574d,46.73402,-121.8315,,,,,,,2014-08-28T00:00:00,28,8,2014,2998283,2998283,HUMAN_OBSERVATION,iNaturalist,Observations,1191598,,Susan,2015-01-24T15:19:37,CC_BY_NC_4_0,Susan,Susan,,,2023-02-13T15:59:44.723Z,StillImage,CONTINENT_DERIVED_FROM_COORDINATES
1065596510,50c9509d-22c7-4a22-a47d-8c48425ef4a7,http://www.inaturalist.org/observations/1191594,Plantae,Tracheophyta,Magnoliopsida,Rosales,Rosaceae,Rubus,Rubus nivalis,,SPECIES,Rubus nivalis Douglas ex Hook.,Rubus nivalis,,US,,Washington,PRESENT,,28eb1a3f-1c15-4a95-931a-4af90ecb574d,46.73383,-121.8382,,,,,,,2014-08-28T00:00:00,28,8,2014,2998283,2998283,HUMAN_OBSERVATION,iNaturalist,Observations,1191594,,Susan,2015-01-24T15:18:28,CC_BY_NC_4_0,Susan,Susan,,,2023-02-13T15:59:45.445Z,StillImage,CONTINENT_DERIVED_FROM_COORDINATES
,,,,,,,,,,,,,,,,,,,,,,,,,,,,,,,,,,,,,,,,,,,,,,,,,
,,,,,,,,,,,,,,,,,,,,,,,,,,,,,,,,,,,,,,,,,,,,,,,,,
,,,,,,,,,,,,,,,,,,,,,,,,,,,,,,,,1907,,,,,,,,,,,,,,,,,
,,,,,,,,,,,,,,,,,,,,,,,,,,,,,,,,2023,,,,,,,,,,,,,,,,,
